name, success_rate, success_count, totol_problem_count, problems_solved, compilation_error_rate, compilation_error_count, total_answer_count, problems_w_ce, ce_rate_list, first_success_pos, avg_first_success_pos, avg_success_rate, first_success_count, first_success_rate
mbjp_blind__test,21.74%,10.0,46.0,"[0, 3, 4, 13, 20, 22, 24, 27, 28, 43]",54.78%,252.0,460.0,"[0, 1, 2, 3, 4, 5, 6, 7, 8, 9, 10, 11, 12, 13, 14, 15, 16, 17, 18, 19, 20, 21, 22, 25, 26, 27, 28, 29, 30, 32, 33, 34, 35, 36, 37, 38, 39, 41, 42, 43, 44, 45]",,,,,,
mbjp_dsl__test,13.04%,6.0,46.0,"[0, 13, 24, 28, 35, 43]",61.74%,284.0,460.0,"[0, 1, 3, 4, 5, 6, 7, 8, 9, 10, 11, 12, 13, 14, 15, 16, 17, 18, 19, 20, 21, 23, 25, 27, 28, 30, 31, 32, 33, 34, 35, 36, 37, 38, 39, 40, 41, 42, 43, 44, 45]",,,,,,
dsl_codet5__test,28.26%,13.0,46.0,"[0, 3, 4, 8, 12, 20, 22, 24, 27, 28, 35, 36, 37]",33.26%,153.0,460.0,"[0, 1, 2, 3, 6, 8, 10, 11, 14, 15, 18, 20, 21, 23, 26, 27, 29, 30, 31, 33, 34, 35, 36, 37, 38, 39, 41, 42, 44, 45]",,,,,,
humanevalcoq__test__grammar,7.69%,1.0,13.0,[2],19.23%,25.0,130.0,"[0, 4, 5, 6, 8, 9, 10, 11, 12]",,,,,,
humanevalcoq__train,94.29%,99.0,105.0,"[0, 1, 2, 3, 4, 5, 6, 7, 8, 9, 10, 11, 12, 13, 14, 15, 16, 17, 18, 20, 21, 23, 24, 25, 26, 27, 28, 29, 30, 31, 32, 33, 34, 35, 36, 37, 38, 39, 40, 41, 42, 43, 44, 45, 46, 47, 48, 49, 50, 51, 52, 53, 54, 55, 56, 57, 58, 59, 60, 61, 62, 63, 64, 65, 66, 67, 68, 69, 70, 71, 72, 73, 75, 76, 77, 78, 79, 80, 81, 82, 83, 85, 86, 87, 88, 89, 90, 91, 93, 94, 95, 96, 97, 98, 99, 101, 102, 103, 104]",23.23%,240.0,1033.0,"[0, 1, 4, 5, 6, 7, 8, 10, 11, 12, 13, 14, 15, 16, 17, 18, 19, 20, 21, 22, 25, 26, 27, 28, 29, 30, 31, 32, 33, 34, 35, 36, 37, 38, 40, 42, 43, 44, 45, 46, 47, 48, 50, 52, 53, 54, 55, 57, 58, 59, 60, 61, 62, 63, 64, 65, 66, 67, 68, 69, 70, 73, 74, 76, 77, 79, 80, 81, 82, 83, 85, 86, 89, 91, 92, 93, 95, 96, 97, 99, 100, 101, 102, 103, 104]",,,,,,
humanevalcoq__test,7.69%,1.0,13.0,[2],2.31%,3.0,130.0,[11],,,,,,
humanevalcoqview__test,0.00%,0.0,13.0,[],6.35%,8.0,126.0,"[1, 4, 5, 9]",,,,,,
codet5-base_humaneval__test,7.69%,1.0,13.0,[2],43.08%,56.0,130.0,"[0, 1, 2, 3, 4, 5, 6, 7, 8, 10, 12]",,,,,,
codet5p-220m-py_humaneval__test,7.69%,1.0,13.0,[2],29.23%,38.0,130.0,"[0, 2, 4, 5, 6, 7, 8, 12]",,,,,,
codet5p-220m_humaneval__test,0.00%,0.0,13.0,[],45.38%,59.0,130.0,"[0, 1, 3, 4, 5, 6, 7, 8, 9, 10]",,,,,,
humanevalcoqview__test(2025-06-03_21-32-07/40),0.00%,0.0,13.0,[],4.62%,6.0,130.0,"[2, 6, 9]",,,,,,
humanevalcoqview__test(2025-06-03_21-32-07/60),0.00%,0.0,13.0,[],3.85%,5.0,130.0,"[4, 8, 12]",,,,,,
humanevalcoqview__test(2025-06-03_21-32-07/80),0.00%,0.0,13.0,[],5.38%,7.0,130.0,"[5, 12]",,,,,,
humanevalcoqview__test(2025-06-03_21-32-07/100),7.69%,1.0,13.0,[2],6.15%,8.0,130.0,"[1, 6, 7]",,,,,,
humanevalcoqview__test(2025-06-03_21-32-07/120),0.00%,0.0,13.0,[],6.15%,8.0,130.0,"[6, 12]",,,,,,
humanevalcoqview__test(2025-06-03_21-32-07/140),0.00%,0.0,13.0,[],3.08%,4.0,130.0,"[1, 4]",,,,,,
humanevalcoqview__test(2025-06-03_21-32-07/160),0.00%,0.0,13.0,[],2.40%,3.0,125.0,[12],,,,,,
codet5p-220m_mbjp__test,16.42%,11.0,67.0,"[4, 7, 15, 22, 29, 37, 43, 44, 46, 53, 62]",44.48%,298.0,670.0,"[0, 2, 3, 4, 5, 6, 8, 9, 10, 11, 12, 14, 15, 16, 18, 20, 23, 24, 25, 26, 27, 28, 29, 30, 31, 33, 34, 35, 37, 38, 39, 40, 41, 43, 44, 45, 46, 48, 49, 50, 51, 53, 54, 55, 56, 57, 58, 59, 60, 61, 64, 65]","[0.1, 0.0, 0.9, 0.1, 0.1, 1.0, 0.1, 0.0, 1.0, 1.0, 0.4, 0.5, 0.2, 0.0, 0.1, 0.1, 0.1, 0.0, 0.5, 0.0, 0.6, 0.0, 0.0, 1.0, 1.0, 0.5, 0.7, 1.0, 0.1, 0.2, 0.5, 1.0, 0.0, 0.3, 1.0, 0.8, 0.0, 0.2, 1.0, 0.6, 0.4, 0.5, 0.0, 0.3, 0.1, 1.0, 0.1, 0.0, 1.0, 0.2, 1.0, 1.0, 0.0, 0.2, 0.8, 1.0, 1.0, 1.0, 0.7, 0.2, 0.3, 1.0, 0.0, 0.0, 0.8, 0.5, 0.0]","[10, 10, 10, 10, 2, 10, 10, 0, 10, 10, 10, 10, 10, 10, 10, 6, 10, 10, 10, 10, 10, 10, 9, 10, 10, 10, 10, 10, 10, 5, 10, 10, 10, 10, 10, 10, 10, 2, 10, 10, 10, 10, 10, 0, 3, 10, 4, 10, 10, 10, 10, 10, 10, 0, 10, 10, 10, 10, 10, 10, 10, 10, 0, 10, 10, 10, 10]",8.82,5.07%,4.0,5.97%
codet5p-220m-py_mbjp__test,46.27%,31.0,67.0,"[0, 3, 4, 5, 6, 7, 9, 10, 11, 14, 15, 16, 20, 22, 23, 26, 27, 28, 29, 35, 36, 37, 40, 43, 44, 46, 52, 53, 58, 62, 63]",17.01%,114.0,670.0,"[2, 4, 5, 6, 8, 10, 20, 21, 23, 24, 25, 26, 27, 29, 30, 31, 35, 36, 38, 39, 40, 42, 43, 47, 48, 49, 52, 55, 56, 59, 60, 61, 64, 65]",,,,,,
codet5-base_mbjp__test,13.43%,9.0,67.0,"[4, 6, 7, 23, 26, 40, 43, 53, 63]",59.40%,398.0,670.0,"[0, 1, 2, 4, 5, 6, 7, 8, 9, 10, 11, 12, 13, 14, 15, 16, 17, 18, 20, 21, 22, 23, 24, 26, 28, 29, 30, 31, 33, 34, 35, 36, 37, 38, 39, 41, 42, 43, 44, 45, 46, 47, 48, 49, 51, 52, 53, 54, 55, 56, 57, 58, 59, 60, 61, 62, 64, 65, 66]","[0.7, 1.0, 1.0, 0.0, 0.6, 1.0, 0.4, 0.2, 1.0, 0.3, 0.7, 0.4, 1.0, 0.1, 0.4, 1.0, 0.2, 0.4, 1.0, 0.0, 1.0, 0.7, 0.6, 0.8, 1.0, 0.0, 0.5, 0.0, 0.2, 0.4, 1.0, 0.8, 0.0, 0.9, 0.1, 0.7, 1.0, 0.6, 1.0, 0.6, 0.0, 0.6, 0.4, 0.9, 1.0, 0.2, 0.8, 1.0, 0.8, 0.7, 0.0, 1.0, 0.3, 0.1, 1.0, 0.8, 0.9, 1.0, 0.3, 0.9, 0.5, 1.0, 0.3, 0.0, 0.1, 1.0, 0.9]","[10, 10, 10, 10, 2, 10, 2, 0, 10, 10, 10, 10, 10, 10, 10, 10, 10, 10, 10, 10, 10, 10, 10, 0, 10, 10, 2, 10, 10, 10, 10, 10, 10, 10, 10, 10, 10, 10, 10, 10, 0, 10, 10, 2, 10, 10, 10, 10, 10, 10, 10, 10, 10, 0, 10, 10, 10, 10, 10, 10, 10, 10, 10, 0, 10, 10, 10]",8.78,4.33%,5.0,7.46%
codet5p-220m_sufu__test,36.21%,21.0,58.0,"[0, 1, 4, 5, 7, 9, 12, 16, 20, 22, 23, 29, 31, 32, 36, 41, 47, 49, 50, 52, 55]",78.79%,457.0,580.0,"[0, 1, 2, 3, 4, 5, 6, 7, 8, 9, 10, 11, 12, 13, 14, 15, 16, 17, 18, 19, 20, 21, 22, 23, 24, 25, 26, 27, 28, 29, 30, 31, 32, 33, 34, 35, 36, 37, 38, 39, 40, 41, 42, 43, 44, 45, 46, 47, 48, 49, 50, 51, 52, 53, 54, 55, 56, 57]","[0.5, 0.8, 1.0, 1.0, 0.4, 0.5, 1.0, 0.4, 1.0, 0.7, 1.0, 1.0, 0.4, 1.0, 1.0, 1.0, 0.2, 1.0, 1.0, 0.9, 0.6, 1.0, 0.7, 0.7, 1.0, 1.0, 1.0, 0.9, 1.0, 0.7, 1.0, 0.3, 0.5, 1.0, 1.0, 0.5, 0.4, 0.6, 0.3, 1.0, 0.7, 0.7, 1.0, 1.0, 1.0, 1.0, 1.0, 0.8, 1.0, 0.7, 0.7, 1.0, 0.9, 0.7, 1.0, 0.3, 1.0, 0.2]","[0, 0, 10, 10, 0, 0, 10, 0, 10, 0, 10, 10, 0, 10, 10, 10, 0, 10, 10, 10, 0, 10, 0, 1, 10, 10, 10, 10, 10, 0, 10, 0, 2, 10, 10, 10, 0, 10, 10, 10, 10, 0, 10, 10, 10, 10, 10, 0, 10, 0, 0, 10, 0, 10, 10, 0, 10, 10]",6.43,13.45%,19.0,32.76%
sufucoq__test(2025-06-07_21-03-51/100),18.97%,11.0,58.0,"[15, 22, 26, 29, 31, 36, 41, 44, 49, 50, 51]",0.00%,0.0,173.0,[],"[0.0, 0.0, 0.0, 0.0, 0.0, 0.0, 0.0, 0.0, 0.0, 0.0, 0.0, 0.0, 0.0, 0.0, 0.0, 0.0, 0.0, 0.0, 0.0, 0.0, 0.0, 0.0, 0.0, 0.0, 0.0, 0.0, 0.0, 0.0, 0.0, 0.0, 0.0, 0.0, 0.0, 0.0, 0.0, 0.0, 0.0, 0.0, 0.0, 0.0, 0.0, 0.0, 0.0, 0.0, 0.0, 0.0, 0.0, 0.0, 0.0, 0.0, 0.0, 0.0, 0.0, 0.0, 0.0, 0.0, 0.0, 0.0]","[10, 10, 10, 10, 10, 10, 10, 10, 10, 10, 10, 10, 10, 10, 10, 0, 10, 10, 10, 10, 10, 10, 0, 10, 10, 10, 0, 10, 10, 0, 10, 0, 10, 10, 10, 10, 0, 10, 10, 10, 10, 0, 10, 10, 0, 10, 10, 10, 10, 0, 0, 1, 10, 10, 10, 10, 10, 10]",8.12,11.56%,10.0,17.24%
sufucoq__test(2025-06-07_21-03-51/200),22.41%,13.0,58.0,"[12, 15, 22, 31, 36, 38, 41, 43, 44, 47, 49, 50, 51]",3.09%,6.0,194.0,"[31, 37, 43, 54, 57]","[0.0, 0.0, 0.0, 0.0, 0.0, 0.0, 0.0, 0.0, 0.0, 0.0, 0.0, 0.0, 0.0, 0.0, 0.0, 0.0, 0.0, 0.0, 0.0, 0.0, 0.0, 0.0, 0.0, 0.0, 0.0, 0.0, 0.0, 0.0, 0.0, 0.0, 0.0, 0.1111111111111111, 0.0, 0.0, 0.0, 0.0, 0.0, 0.2, 0.0, 0.0, 0.0, 0.0, 0.0, 0.16666666666666666, 0.0, 0.0, 0.0, 0.0, 0.0, 0.0, 0.0, 0.0, 0.0, 0.0, 0.1111111111111111, 0.0, 0.0, 0.1111111111111111]","[10, 10, 10, 10, 10, 10, 10, 10, 10, 10, 10, 10, 2, 10, 10, 0, 10, 10, 10, 10, 10, 10, 0, 10, 10, 10, 10, 10, 10, 10, 10, 0, 10, 10, 10, 10, 0, 10, 0, 10, 10, 0, 10, 1, 0, 10, 10, 0, 10, 0, 0, 2, 10, 10, 10, 10, 10, 10]",7.84,11.86%,10.0,17.24%
sufucoq__test(2025-06-07_21-03-51/300),27.59%,16.0,58.0,"[12, 15, 22, 26, 29, 31, 32, 36, 38, 41, 44, 47, 49, 50, 51, 56]",1.98%,5.0,252.0,"[29, 37, 52, 56]","[0.0, 0.0, 0.0, 0.0, 0.0, 0.0, 0.0, 0.0, 0.0, 0.0, 0.0, 0.0, 0.0, 0.0, 0.0, 0.0, 0.0, 0.0, 0.0, 0.0, 0.0, 0.0, 0.0, 0.0, 0.0, 0.0, 0.0, 0.0, 0.0, 0.14285714285714285, 0.0, 0.0, 0.0, 0.0, 0.0, 0.0, 0.0, 0.2, 0.0, 0.0, 0.0, 0.0, 0.0, 0.0, 0.0, 0.0, 0.0, 0.0, 0.0, 0.0, 0.0, 0.0, 0.125, 0.0, 0.0, 0.0, 0.16666666666666666, 0.0]","[10, 10, 10, 10, 10, 10, 10, 10, 10, 10, 10, 10, 0, 10, 10, 0, 10, 10, 10, 10, 10, 10, 0, 10, 10, 10, 0, 10, 10, 0, 10, 0, 0, 10, 10, 10, 0, 10, 2, 10, 10, 0, 10, 10, 0, 10, 10, 0, 10, 0, 0, 1, 10, 10, 10, 10, 1, 10]",7.31,13.10%,13.0,22.41%
sufucoq__test(2025-06-07_21-03-51/400),25.86%,15.0,58.0,"[7, 12, 15, 22, 26, 29, 31, 36, 41, 44, 47, 49, 50, 55, 56]",0.00%,0.0,251.0,[],"[0.0, 0.0, 0.0, 0.0, 0.0, 0.0, 0.0, 0.0, 0.0, 0.0, 0.0, 0.0, 0.0, 0.0, 0.0, 0.0, 0.0, 0.0, 0.0, 0.0, 0.0, 0.0, 0.0, 0.0, 0.0, 0.0, 0.0, 0.0, 0.0, 0.0, 0.0, 0.0, 0.0, 0.0, 0.0, 0.0, 0.0, 0.0, 0.0, 0.0, 0.0, 0.0, 0.0, 0.0, 0.0, 0.0, 0.0, 0.0, 0.0, 0.0, 0.0, 0.0, 0.0, 0.0, 0.0, 0.0, 0.0, 0.0]","[10, 10, 10, 10, 10, 10, 10, 0, 10, 10, 10, 10, 0, 10, 10, 0, 10, 10, 10, 10, 10, 10, 0, 10, 10, 10, 0, 10, 10, 0, 10, 0, 10, 10, 10, 10, 0, 10, 10, 10, 10, 0, 10, 10, 1, 10, 10, 0, 10, 0, 0, 10, 10, 10, 10, 0, 2, 10]",7.47,14.34%,13.0,22.41%
sufucoq__test(2025-06-07_21-03-51/500),39.66%,23.0,58.0,"[7, 12, 13, 15, 16, 22, 26, 29, 30, 31, 32, 36, 37, 38, 40, 41, 44, 49, 50, 51, 52, 55, 56]",1.98%,5.0,253.0,"[10, 22, 31, 50, 56]","[0.0, 0.0, 0.0, 0.0, 0.0, 0.0, 0.0, 0.0, 0.0, 0.0, 0.16666666666666666, 0.0, 0.0, 0.0, 0.0, 0.0, 0.0, 0.0, 0.0, 0.0, 0.0, 0.0, 0.125, 0.0, 0.0, 0.0, 0.0, 0.0, 0.0, 0.0, 0.0, 0.1, 0.0, 0.0, 0.0, 0.0, 0.0, 0.0, 0.0, 0.0, 0.0, 0.0, 0.0, 0.0, 0.0, 0.0, 0.0, 0.0, 0.0, 0.0, 0.1, 0.0, 0.0, 0.0, 0.0, 0.0, 0.1, 0.0]","[10, 10, 10, 10, 10, 10, 10, 0, 10, 10, 10, 10, 0, 0, 10, 0, 2, 10, 10, 10, 10, 10, 0, 10, 10, 10, 0, 10, 10, 0, 5, 0, 0, 10, 10, 10, 0, 2, 0, 10, 2, 0, 10, 10, 0, 10, 10, 10, 10, 0, 0, 1, 0, 10, 10, 0, 4, 10]",6.31,19.37%,17.0,29.31%
sufucoq__test(2025-06-07_21-03-51/600),41.38%,24.0,58.0,"[6, 7, 12, 15, 22, 23, 26, 29, 31, 32, 36, 37, 38, 40, 41, 43, 44, 47, 49, 50, 51, 52, 55, 56]",1.15%,3.0,261.0,"[6, 37, 50]","[0.0, 0.0, 0.0, 0.0, 0.0, 0.0, 0.25, 0.0, 0.0, 0.0, 0.0, 0.0, 0.0, 0.0, 0.0, 0.0, 0.0, 0.0, 0.0, 0.0, 0.0, 0.0, 0.0, 0.0, 0.0, 0.0, 0.0, 0.0, 0.0, 0.0, 0.0, 0.0, 0.0, 0.0, 0.0, 0.0, 0.0, 0.1, 0.0, 0.0, 0.0, 0.0, 0.0, 0.0, 0.0, 0.0, 0.0, 0.0, 0.0, 0.0, 0.16666666666666666, 0.0, 0.0, 0.0, 0.0, 0.0, 0.0, 0.0]","[10, 10, 10, 10, 10, 10, 0, 0, 10, 10, 10, 10, 2, 10, 10, 0, 10, 10, 10, 10, 10, 10, 0, 2, 10, 10, 1, 10, 10, 0, 10, 0, 0, 10, 10, 10, 0, 3, 3, 10, 0, 0, 10, 1, 0, 10, 10, 0, 10, 0, 0, 1, 0, 10, 10, 0, 3, 10]",6.14,19.54%,16.0,27.59%
sufucoq__test(2025-06-07_21-03-51/700),36.21%,21.0,58.0,"[6, 7, 15, 16, 20, 22, 26, 29, 31, 32, 35, 36, 37, 40, 41, 44, 47, 49, 50, 51, 56]",1.61%,4.0,248.0,"[22, 41]","[0.0, 0.0, 0.0, 0.0, 0.0, 0.0, 0.0, 0.0, 0.0, 0.0, 0.0, 0.0, 0.0, 0.0, 0.0, 0.0, 0.0, 0.0, 0.0, 0.0, 0.0, 0.0, 0.125, 0.0, 0.0, 0.0, 0.0, 0.0, 0.0, 0.0, 0.0, 0.0, 0.0, 0.0, 0.0, 0.0, 0.0, 0.0, 0.0, 0.0, 0.0, 0.3, 0.0, 0.0, 0.0, 0.0, 0.0, 0.0, 0.0, 0.0, 0.0, 0.0, 0.0, 0.0, 0.0, 0.0, 0.0, 0.0]","[10, 10, 10, 10, 10, 10, 0, 0, 10, 10, 10, 10, 10, 10, 10, 0, 1, 10, 10, 10, 0, 10, 0, 10, 10, 10, 0, 10, 10, 0, 10, 0, 1, 10, 10, 2, 0, 4, 10, 10, 0, 0, 10, 10, 0, 10, 10, 0, 10, 0, 0, 2, 10, 10, 10, 10, 5, 10]",6.64,14.52%,15.0,25.86%
sufucoq__test(2025-06-07_21-03-51/800),43.10%,25.0,58.0,"[4, 6, 7, 12, 13, 15, 16, 18, 20, 22, 26, 29, 30, 31, 32, 35, 36, 41, 43, 44, 47, 49, 50, 55, 56]",2.68%,8.0,298.0,"[18, 20, 36, 38, 50, 52, 57]","[0.0, 0.0, 0.0, 0.0, 0.0, 0.0, 0.0, 0.0, 0.0, 0.0, 0.0, 0.0, 0.0, 0.0, 0.0, 0.0, 0.0, 0.0, 0.2222222222222222, 0.0, 0.1, 0.0, 0.0, 0.0, 0.0, 0.0, 0.0, 0.0, 0.0, 0.0, 0.0, 0.0, 0.0, 0.0, 0.0, 0.0, 0.14285714285714285, 0.0, 0.125, 0.0, 0.0, 0.0, 0.0, 0.0, 0.0, 0.0, 0.0, 0.0, 0.0, 0.0, 0.1, 0.0, 0.1111111111111111, 0.0, 0.0, 0.0, 0.0, 0.16666666666666666]","[10, 10, 10, 10, 0, 10, 0, 0, 10, 10, 10, 10, 1, 1, 10, 0, 2, 10, 0, 10, 0, 10, 0, 10, 10, 10, 0, 10, 10, 0, 0, 0, 0, 10, 10, 0, 0, 10, 10, 10, 10, 0, 10, 0, 0, 10, 10, 0, 10, 0, 0, 10, 10, 10, 10, 0, 2, 10]",5.79,17.45%,21.0,36.21%
sufucoq__test(2025-06-07_21-03-51/900),44.83%,26.0,58.0,"[0, 4, 5, 6, 7, 9, 13, 15, 16, 18, 20, 22, 26, 29, 31, 32, 35, 36, 41, 43, 44, 47, 49, 50, 51, 55]",0.00%,0.0,358.0,[],"[0.0, 0.0, 0.0, 0.0, 0.0, 0.0, 0.0, 0.0, 0.0, 0.0, 0.0, 0.0, 0.0, 0.0, 0.0, 0.0, 0.0, 0.0, 0.0, 0.0, 0.0, 0.0, 0.0, 0.0, 0.0, 0.0, 0.0, 0.0, 0.0, 0.0, 0.0, 0.0, 0.0, 0.0, 0.0, 0.0, 0.0, 0.0, 0.0, 0.0, 0.0, 0.0, 0.0, 0.0, 0.0, 0.0, 0.0, 0.0, 0.0, 0.0, 0.0, 0.0, 0.0, 0.0, 0.0, 0.0, 0.0, 0.0]","[0, 10, 10, 10, 0, 0, 0, 0, 10, 1, 10, 10, 10, 1, 10, 0, 0, 10, 0, 10, 0, 10, 0, 10, 10, 10, 0, 10, 10, 0, 10, 0, 0, 10, 10, 0, 0, 10, 10, 10, 10, 0, 10, 0, 1, 10, 10, 0, 10, 0, 0, 1, 10, 10, 10, 0, 10, 10]",5.59,17.88%,22.0,37.93%
codet5p-220m_mbjp__test(2025-06-09_22-32-04/200),20.90%,14.0,67.0,"[6, 7, 10, 11, 15, 20, 37, 43, 44, 46, 53, 55, 62, 63]",37.46%,251.0,670.0,"[0, 2, 4, 5, 8, 9, 10, 11, 12, 18, 19, 21, 22, 23, 24, 25, 26, 27, 29, 30, 31, 32, 33, 34, 35, 37, 38, 39, 40, 41, 43, 44, 46, 48, 49, 52, 53, 54, 55, 56, 57, 60, 61, 63, 64, 65, 66]",,,,,,
sufugrammar__test,36.21%,21.0,58.0,"[7, 12, 13, 15, 22, 26, 29, 30, 31, 32, 36, 37, 38, 40, 41, 44, 49, 50, 51, 52, 55]",72.13%,352.0,488.0,"[0, 2, 3, 4, 6, 7, 8, 9, 10, 11, 12, 13, 15, 16, 18, 19, 20, 21, 22, 23, 24, 25, 26, 27, 28, 29, 30, 31, 32, 33, 34, 35, 36, 37, 38, 39, 40, 41, 42, 43, 44, 45, 46, 47, 48, 49, 50, 51, 52, 53, 54, 55, 56, 57]","[0.75, 0.0, 0.8888888888888888, 1.0, 0.8888888888888888, 0.0, 0.6666666666666666, 0.5, 0.8888888888888888, 0.8, 0.7, 1.0, 0.7, 0.375, 0.0, 0.7, 0.9, 0.0, 0.75, 0.5, 0.5, 1.0, 0.7, 0.5, 0.8, 0.8, 0.9, 0.6, 0.9, 0.7, 0.2, 0.5, 0.8, 1.0, 1.0, 0.9, 0.4, 0.7, 0.5, 0.7777777777777778, 0.5, 0.5, 1.0, 1.0, 0.8, 0.8, 1.0, 0.9, 0.9, 0.6, 0.4, 0.5, 0.8, 0.2, 0.9, 0.6, 0.6, 0.7]","[10, 10, 10, 10, 10, 10, 10, 0, 10, 10, 10, 10, 0, 0, 10, 0, 10, 10, 10, 10, 10, 10, 0, 10, 10, 10, 0, 10, 10, 0, 7, 0, 1, 10, 10, 10, 0, 7, 0, 10, 2, 0, 10, 10, 0, 10, 10, 10, 10, 0, 0, 2, 0, 10, 10, 0, 10, 10]",6.71,9.02%,16.0,27.59%
sufunocheck__test,36.21%,21.0,58.0,"[7, 12, 13, 15, 22, 26, 29, 30, 31, 32, 36, 37, 38, 40, 41, 44, 49, 50, 51, 52, 55]",59.15%,278.0,470.0,"[3, 7, 8, 10, 11, 12, 13, 14, 15, 16, 21, 22, 23, 24, 25, 26, 27, 28, 29, 30, 31, 32, 33, 34, 35, 36, 37, 38, 39, 40, 41, 42, 43, 44, 45, 47, 48, 49, 50, 51, 52, 53, 54, 55, 56, 57]","[1.1, 1.1, 1.1, 0.9, 0.0, 1.1, 1.1, 0.4, 0.2, 0.0, 0.7, 1.0, 0.7, 0.9, 0.5, 0.1, 1.0, 0.0, 1.1, 1.1, 0.0, 1.0, 0.5, 0.5, 1.0, 0.2, 0.9, 0.3, 1.0, 0.7, 0.2, 0.3, 0.6, 1.0, 1.0, 0.8, 0.3, 0.7, 0.5, 0.8, 0.5, 0.5, 1.0, 0.5, 0.8, 0.75, 0.0, 1.0, 0.9, 0.4, 0.3, 0.4, 0.8, 0.6, 0.7, 0.7, 0.3, 0.6]","[10, 10, 10, 10, 10, 10, 10, 0, 10, 10, 10, 10, 0, 2, 10, 0, 10, 10, 10, 10, 10, 10, 0, 10, 10, 10, 0, 10, 10, 0, 7, 0, 1, 10, 10, 10, 0, 7, 0, 10, 2, 0, 10, 10, 2, 10, 10, 10, 10, 0, 0, 2, 0, 10, 10, 0, 10, 10]",6.78,10.64%,14.0,24.14%
mbjpgrammar__test,19.40%,13.0,67.0,"[0, 3, 6, 7, 19, 22, 25, 26, 43, 44, 53, 60, 63]",26.12%,175.0,670.0,"[1, 2, 3, 4, 5, 6, 8, 9, 10, 11, 13, 15, 18, 19, 20, 21, 24, 25, 27, 30, 31, 32, 35, 36, 37, 38, 39, 41, 42, 43, 45, 47, 48, 50, 55, 56, 57, 58, 60, 61, 64, 66]","[0.0, 0.6, 0.5, 0.7, 0.3, 0.9, 0.3, 0.0, 0.2, 0.6, 0.2, 0.7, 0.0, 0.1, 0.0, 0.1, 0.0, 0.0, 0.1, 0.1, 0.4, 0.7, 0.0, 0.0, 0.6, 0.1, 0.0, 0.1, 0.0, 0.0, 0.6, 0.8, 0.3, 0.0, 0.0, 0.4, 0.7, 0.3, 0.1, 0.1, 0.0, 0.9, 0.2, 0.7, 0.0, 0.1, 0.0, 1.0, 0.1, 0.0, 0.1, 0.0, 0.0, 0.0, 0.0, 0.4, 0.4, 1.0, 0.1, 0.0, 0.2, 0.9, 0.0, 0.0, 0.5, 0.0, 0.3]","[0, 10, 10, 8, 10, 10, 1, 0, 10, 10, 10, 10, 10, 10, 10, 10, 10, 10, 10, 0, 10, 10, 1, 10, 10, 3, 5, 10, 10, 10, 10, 10, 10, 10, 10, 10, 10, 10, 10, 10, 10, 10, 10, 0, 0, 10, 10, 10, 10, 10, 10, 10, 10, 0, 10, 10, 10, 10, 10, 10, 1, 10, 10, 0, 10, 10, 10]",8.34,5.67%,7.0,10.45%
mbjpcoq__test(2025-06-11_11-41-16/50),20.90%,14.0,67.0,"[6, 7, 14, 19, 22, 25, 26, 28, 37, 43, 44, 53, 60, 63]",7.01%,47.0,670.0,"[2, 5, 6, 9, 11, 21, 24, 30, 31, 32, 38, 39, 42, 43, 55, 58]","[0.0, 0.0, 0.1, 0.0, 0.0, 0.5, 0.1, 0.0, 0.0, 0.2, 0.0, 0.3, 0.0, 0.0, 0.0, 0.0, 0.0, 0.0, 0.0, 0.0, 0.0, 0.7, 0.0, 0.0, 0.3, 0.0, 0.0, 0.0, 0.0, 0.0, 0.4, 1.0, 0.2, 0.0, 0.0, 0.0, 0.0, 0.0, 0.1, 0.1, 0.0, 0.0, 0.1, 0.1, 0.0, 0.0, 0.0, 0.0, 0.0, 0.0, 0.0, 0.0, 0.0, 0.0, 0.0, 0.4, 0.0, 0.0, 0.1, 0.0, 0.0, 0.0, 0.0, 0.0, 0.0, 0.0, 0.0]","[10, 10, 10, 10, 10, 10, 1, 0, 10, 10, 10, 10, 10, 10, 2, 10, 10, 10, 10, 0, 10, 10, 0, 10, 10, 5, 2, 10, 5, 10, 10, 10, 10, 10, 10, 10, 10, 4, 10, 10, 10, 10, 10, 0, 0, 10, 10, 10, 10, 10, 10, 10, 10, 1, 10, 10, 10, 10, 10, 10, 0, 10, 10, 0, 10, 10, 10]",8.21,6.57%,7.0,10.45%
mbjpcoq__test(2025-06-11_11-41-16/100),20.90%,14.0,67.0,"[6, 7, 14, 19, 20, 22, 26, 35, 43, 44, 53, 60, 63, 65]",6.42%,42.0,654.0,"[5, 9, 11, 21, 30, 31, 38, 39, 41, 42, 43, 47, 61]","[0.0, 0.0, 0.0, 0.0, 0.0, 0.8, 0.0, 0.0, 0.0, 0.1, 0.0, 0.3, 0.0, 0.0, 0.0, 0.0, 0.0, 0.0, 0.0, 0.0, 0.0, 0.3, 0.0, 0.0, 0.0, 0.0, 0.0, 0.0, 0.0, 0.0, 0.3, 1.0, 0.0, 0.0, 0.0, 0.0, 0.0, 0.0, 0.1, 0.1, 0.0, 0.2, 0.1, 0.1, 0.0, 0.0, 0.0, 0.7, 0.0, 0.0, 0.0, 0.0, 0.0, 0.0, 0.0, 0.0, 0.0, 0.0, 0.0, 0.0, 0.0, 0.1, 0.0, 0.0, 0.0, 0.0, 0.0]","[10, 10, 10, 10, 10, 10, 1, 0, 10, 10, 10, 10, 10, 10, 2, 10, 10, 10, 10, 0, 5, 10, 0, 10, 10, 10, 6, 10, 10, 10, 10, 10, 10, 10, 10, 0, 10, 10, 10, 10, 10, 10, 10, 0, 0, 10, 10, 10, 10, 10, 10, 10, 10, 1, 10, 10, 10, 10, 10, 10, 0, 10, 10, 0, 10, 5, 10]",8.21,6.73%,8.0,11.94%
mbjpcoq__test(2025-06-11_11-41-16/150),22.39%,15.0,67.0,"[0, 6, 7, 10, 14, 19, 20, 22, 26, 28, 43, 44, 53, 60, 63]",5.26%,35.0,665.0,"[5, 8, 9, 11, 30, 31, 38, 41, 42, 58, 61]","[0.0, 0.0, 0.0, 0.0, 0.0, 0.4, 0.0, 0.0, 0.1, 0.3, 0.0, 0.2, 0.0, 0.0, 0.0, 0.0, 0.0, 0.0, 0.0, 0.0, 0.0, 0.0, 0.0, 0.0, 0.0, 0.0, 0.0, 0.0, 0.0, 0.0, 0.3, 1.0, 0.0, 0.0, 0.0, 0.0, 0.0, 0.0, 0.1, 0.0, 0.0, 0.3, 0.1, 0.0, 0.0, 0.0, 0.0, 0.0, 0.0, 0.0, 0.0, 0.0, 0.0, 0.0, 0.0, 0.0, 0.0, 0.0, 0.4, 0.0, 0.0, 0.3, 0.0, 0.0, 0.0, 0.0, 0.0]","[2, 10, 10, 10, 10, 10, 0, 0, 10, 10, 6, 10, 10, 10, 5, 10, 10, 10, 10, 0, 4, 10, 0, 10, 10, 10, 1, 10, 5, 10, 10, 10, 10, 10, 10, 10, 10, 10, 10, 10, 10, 10, 10, 0, 1, 10, 10, 10, 10, 10, 10, 10, 10, 1, 10, 10, 10, 10, 10, 10, 0, 10, 10, 0, 10, 10, 10]",8.13,6.32%,7.0,10.45%
mbjpcoq__test(2025-06-11_11-41-16/200),22.39%,15.0,67.0,"[0, 6, 7, 10, 14, 19, 20, 22, 25, 26, 43, 44, 53, 60, 63]",6.10%,40.0,656.0,"[5, 9, 11, 21, 24, 30, 31, 39, 41, 42, 58, 61]","[0.0, 0.0, 0.0, 0.0, 0.0, 0.4, 0.0, 0.0, 0.0, 0.1, 0.0, 0.3, 0.0, 0.0, 0.0, 0.0, 0.0, 0.0, 0.0, 0.0, 0.0, 0.8, 0.0, 0.0, 0.1, 0.0, 0.0, 0.0, 0.0, 0.0, 0.1, 1.0, 0.0, 0.0, 0.0, 0.0, 0.0, 0.0, 0.0, 0.1, 0.0, 0.1, 0.2, 0.0, 0.0, 0.0, 0.0, 0.0, 0.0, 0.0, 0.0, 0.0, 0.0, 0.0, 0.0, 0.0, 0.0, 0.0, 0.3, 0.0, 0.0, 0.5, 0.0, 0.0, 0.0, 0.0, 0.0]","[3, 10, 10, 10, 10, 10, 0, 0, 10, 10, 6, 10, 10, 10, 6, 10, 10, 10, 10, 0, 1, 10, 2, 10, 10, 7, 3, 10, 10, 10, 10, 10, 10, 10, 10, 10, 10, 10, 10, 10, 10, 10, 10, 0, 0, 10, 10, 10, 10, 10, 10, 10, 10, 1, 10, 10, 10, 10, 10, 10, 0, 10, 10, 0, 10, 10, 10]",8.19,6.10%,7.0,10.45%
mbjpcoq__test(2025-06-11_11-41-16/250),25.37%,17.0,67.0,"[0, 4, 6, 7, 10, 14, 19, 20, 22, 23, 26, 35, 43, 44, 53, 60, 63]",5.81%,38.0,654.0,"[5, 9, 11, 21, 31, 39, 42, 52, 55, 58, 61]","[0.0, 0.0, 0.0, 0.0, 0.0, 0.1, 0.0, 0.0, 0.0, 0.6, 0.0, 0.2, 0.0, 0.0, 0.0, 0.0, 0.0, 0.0, 0.0, 0.0, 0.0, 0.6, 0.0, 0.0, 0.0, 0.0, 0.0, 0.0, 0.0, 0.0, 0.0, 1.0, 0.0, 0.0, 0.0, 0.0, 0.0, 0.0, 0.0, 0.1, 0.0, 0.0, 0.2, 0.0, 0.0, 0.0, 0.0, 0.0, 0.0, 0.0, 0.0, 0.0, 0.1, 0.0, 0.0, 0.3, 0.0, 0.0, 0.3, 0.0, 0.0, 0.3, 0.0, 0.0, 0.0, 0.0, 0.0]","[3, 10, 10, 10, 1, 10, 0, 0, 10, 10, 8, 10, 10, 10, 1, 10, 10, 10, 10, 0, 2, 10, 0, 9, 10, 10, 2, 10, 10, 10, 10, 10, 10, 10, 10, 4, 10, 10, 10, 10, 10, 10, 10, 0, 0, 10, 10, 10, 10, 10, 10, 10, 10, 1, 10, 10, 10, 10, 10, 10, 0, 10, 10, 0, 10, 10, 10]",7.93,6.12%,8.0,11.94%
t5-base_mbjp__test,0.00%,0.0,67.0,[],98.06%,657.0,670.0,"[0, 1, 2, 3, 4, 5, 6, 7, 8, 9, 10, 11, 12, 13, 14, 15, 16, 17, 18, 19, 20, 21, 22, 23, 24, 25, 26, 27, 28, 29, 30, 31, 32, 33, 34, 35, 36, 37, 38, 39, 40, 41, 42, 43, 44, 45, 46, 47, 48, 49, 50, 51, 52, 53, 54, 55, 56, 57, 58, 59, 60, 61, 62, 63, 64, 65, 66]",,,,,,
flan-t5-base_mbjp__test,0.00%,0.0,67.0,[],98.21%,658.0,670.0,"[0, 1, 2, 3, 4, 5, 6, 7, 8, 9, 10, 11, 12, 13, 14, 15, 16, 17, 18, 19, 20, 21, 22, 23, 24, 25, 26, 27, 28, 29, 30, 31, 32, 33, 34, 35, 36, 37, 38, 39, 40, 41, 42, 43, 44, 45, 46, 47, 48, 49, 50, 51, 52, 53, 54, 55, 56, 57, 58, 59, 60, 61, 62, 63, 64, 65, 66]",,,,,,
sufucoqview__test(2025-06-19_20-01-51/10),51.72%,30.0,58.0,"[0, 4, 6, 7, 9, 13, 15, 16, 18, 19, 20, 22, 26, 27, 29, 30, 31, 32, 35, 36, 40, 41, 43, 44, 47, 49, 50, 51, 55, 56]",0.30%,1.0,330.0,[4],"[0.0, 0.0, 0.0, 0.0, 0.125, 0.0, 0.0, 0.0, 0.0, 0.0, 0.0, 0.0, 0.0, 0.0, 0.0, 0.0, 0.0, 0.0, 0.0, 0.0, 0.0, 0.0, 0.0, 0.0, 0.0, 0.0, 0.0, 0.0, 0.0, 0.0, 0.0, 0.0, 0.0, 0.0, 0.0, 0.0, 0.0, 0.0, 0.0, 0.0, 0.0, 0.0, 0.0, 0.0, 0.0, 0.0, 0.0, 0.0, 0.0, 0.0, 0.0, 0.0, 0.0, 0.0, 0.0, 0.0, 0.0, 0.0]","[0, 10, 10, 10, 0, 10, 0, 0, 10, 1, 10, 10, 10, 1, 10, 0, 0, 10, 0, 1, 0, 10, 0, 10, 10, 10, 0, 4, 10, 0, 3, 0, 0, 10, 10, 0, 0, 10, 10, 10, 0, 0, 10, 0, 0, 10, 10, 0, 10, 0, 0, 2, 10, 10, 10, 0, 2, 10]",5.07,20.00%,23.0,39.66%
sufucoqview__test(2025-06-19_20-01-51/20),53.45%,31.0,58.0,"[0, 4, 5, 6, 7, 9, 13, 15, 16, 18, 19, 20, 22, 26, 29, 30, 31, 32, 35, 36, 38, 40, 41, 43, 44, 47, 49, 50, 51, 52, 55]",0.56%,2.0,358.0,[6],"[0.0, 0.0, 0.0, 0.0, 0.0, 0.0, 0.3333333333333333, 0.0, 0.0, 0.0, 0.0, 0.0, 0.0, 0.0, 0.0, 0.0, 0.0, 0.0, 0.0, 0.0, 0.0, 0.0, 0.0, 0.0, 0.0, 0.0, 0.0, 0.0, 0.0, 0.0, 0.0, 0.0, 0.0, 0.0, 0.0, 0.0, 0.0, 0.0, 0.0, 0.0, 0.0, 0.0, 0.0, 0.0, 0.0, 0.0, 0.0, 0.0, 0.0, 0.0, 0.0, 0.0, 0.0, 0.0, 0.0, 0.0, 0.0, 0.0]","[0, 10, 10, 10, 0, 1, 0, 0, 10, 1, 10, 10, 10, 1, 10, 0, 1, 10, 0, 1, 0, 10, 0, 10, 10, 10, 0, 10, 10, 0, 3, 0, 0, 10, 10, 0, 0, 10, 3, 10, 0, 0, 10, 0, 0, 10, 10, 0, 10, 0, 0, 2, 2, 10, 10, 0, 10, 10]",4.91,21.79%,22.0,37.93%
sufucoqview__test(2025-06-19_20-01-51/30),48.28%,28.0,58.0,"[0, 4, 5, 6, 7, 9, 13, 15, 18, 19, 20, 22, 26, 29, 30, 31, 32, 35, 36, 40, 41, 43, 44, 47, 49, 50, 51, 55]",1.15%,4.0,348.0,"[4, 6]","[0.0, 0.0, 0.0, 0.0, 0.1111111111111111, 0.0, 0.6, 0.0, 0.0, 0.0, 0.0, 0.0, 0.0, 0.0, 0.0, 0.0, 0.0, 0.0, 0.0, 0.0, 0.0, 0.0, 0.0, 0.0, 0.0, 0.0, 0.0, 0.0, 0.0, 0.0, 0.0, 0.0, 0.0, 0.0, 0.0, 0.0, 0.0, 0.0, 0.0, 0.0, 0.0, 0.0, 0.0, 0.0, 0.0, 0.0, 0.0, 0.0, 0.0, 0.0, 0.0, 0.0, 0.0, 0.0, 0.0, 0.0, 0.0, 0.0]","[0, 10, 10, 10, 0, 0, 0, 0, 10, 1, 10, 10, 10, 1, 10, 0, 10, 10, 0, 1, 0, 10, 0, 10, 10, 10, 0, 10, 10, 0, 5, 0, 0, 10, 10, 0, 0, 10, 10, 10, 1, 0, 10, 0, 0, 10, 10, 0, 10, 0, 0, 2, 10, 10, 10, 0, 10, 10]",5.36,21.84%,22.0,37.93%
sufucoqview__test(2025-06-19_20-01-51/40),48.28%,28.0,58.0,"[0, 4, 5, 6, 7, 9, 13, 15, 18, 19, 20, 22, 26, 29, 30, 31, 32, 35, 36, 40, 41, 43, 44, 47, 49, 50, 51, 55]",0.00%,0.0,349.0,[],"[0.0, 0.0, 0.0, 0.0, 0.0, 0.0, 0.0, 0.0, 0.0, 0.0, 0.0, 0.0, 0.0, 0.0, 0.0, 0.0, 0.0, 0.0, 0.0, 0.0, 0.0, 0.0, 0.0, 0.0, 0.0, 0.0, 0.0, 0.0, 0.0, 0.0, 0.0, 0.0, 0.0, 0.0, 0.0, 0.0, 0.0, 0.0, 0.0, 0.0, 0.0, 0.0, 0.0, 0.0, 0.0, 0.0, 0.0, 0.0, 0.0, 0.0, 0.0, 0.0, 0.0, 0.0, 0.0, 0.0, 0.0, 0.0]","[0, 10, 10, 10, 1, 1, 0, 0, 10, 1, 10, 10, 10, 1, 10, 0, 10, 10, 0, 1, 0, 10, 0, 10, 10, 10, 0, 10, 10, 0, 4, 0, 0, 10, 10, 0, 0, 10, 10, 10, 2, 0, 10, 0, 0, 10, 10, 0, 10, 0, 0, 2, 10, 10, 10, 0, 10, 10]",5.4,18.05%,20.0,34.48%
sufucoqview__test(2025-06-19_20-01-51/50),51.72%,30.0,58.0,"[0, 4, 5, 6, 7, 9, 13, 15, 16, 18, 19, 20, 22, 26, 27, 29, 30, 31, 32, 35, 36, 40, 41, 43, 44, 47, 49, 50, 51, 55]",0.54%,2.0,368.0,[6],"[0.0, 0.0, 0.0, 0.0, 0.0, 0.0, 0.5, 0.0, 0.0, 0.0, 0.0, 0.0, 0.0, 0.0, 0.0, 0.0, 0.0, 0.0, 0.0, 0.0, 0.0, 0.0, 0.0, 0.0, 0.0, 0.0, 0.0, 0.0, 0.0, 0.0, 0.0, 0.0, 0.0, 0.0, 0.0, 0.0, 0.0, 0.0, 0.0, 0.0, 0.0, 0.0, 0.0, 0.0, 0.0, 0.0, 0.0, 0.0, 0.0, 0.0, 0.0, 0.0, 0.0, 0.0, 0.0, 0.0, 0.0, 0.0]","[0, 10, 10, 10, 1, 0, 0, 0, 10, 0, 10, 10, 10, 1, 10, 0, 1, 10, 0, 1, 0, 10, 0, 10, 10, 10, 0, 9, 10, 0, 5, 0, 0, 10, 10, 0, 0, 10, 10, 10, 0, 0, 10, 0, 1, 10, 10, 0, 10, 0, 0, 3, 10, 10, 10, 0, 10, 10]",5.21,19.57%,22.0,37.93%
sufucoqview__test(2025-06-19_20-01-51/60),51.72%,30.0,58.0,"[0, 4, 5, 6, 7, 9, 13, 15, 18, 19, 20, 22, 26, 27, 29, 30, 31, 32, 35, 36, 40, 41, 43, 44, 47, 49, 50, 51, 55, 56]",0.57%,2.0,352.0,"[32, 55]","[0.0, 0.0, 0.0, 0.0, 0.0, 0.0, 0.0, 0.0, 0.0, 0.0, 0.0, 0.0, 0.0, 0.0, 0.0, 0.0, 0.0, 0.0, 0.0, 0.0, 0.0, 0.0, 0.0, 0.0, 0.0, 0.0, 0.0, 0.0, 0.0, 0.0, 0.0, 0.0, 0.1, 0.0, 0.0, 0.0, 0.0, 0.0, 0.0, 0.0, 0.0, 0.0, 0.0, 0.0, 0.0, 0.0, 0.0, 0.0, 0.0, 0.0, 0.0, 0.0, 0.0, 0.0, 0.0, 0.1, 0.0, 0.0]","[0, 10, 10, 10, 0, 0, 0, 0, 10, 1, 10, 10, 10, 1, 10, 0, 10, 10, 0, 3, 0, 10, 0, 10, 10, 10, 0, 6, 10, 0, 5, 0, 0, 10, 10, 0, 0, 10, 10, 10, 1, 0, 10, 0, 1, 10, 10, 0, 10, 0, 0, 2, 10, 10, 10, 0, 3, 10]",5.22,21.88%,21.0,36.21%
sufucoqview__test(2025-06-19_20-01-51/70),50.00%,29.0,58.0,"[0, 4, 5, 6, 7, 9, 13, 15, 16, 18, 19, 20, 22, 26, 29, 30, 31, 32, 36, 40, 41, 43, 44, 47, 49, 50, 51, 55, 56]",1.10%,4.0,363.0,"[6, 18, 55]","[0.0, 0.0, 0.0, 0.0, 0.0, 0.0, 0.5, 0.0, 0.0, 0.0, 0.0, 0.0, 0.0, 0.0, 0.0, 0.0, 0.0, 0.0, 0.1111111111111111, 0.0, 0.0, 0.0, 0.0, 0.0, 0.0, 0.0, 0.0, 0.0, 0.0, 0.0, 0.0, 0.0, 0.0, 0.0, 0.0, 0.0, 0.0, 0.0, 0.0, 0.0, 0.0, 0.0, 0.0, 0.0, 0.0, 0.0, 0.0, 0.0, 0.0, 0.0, 0.0, 0.0, 0.0, 0.0, 0.0, 0.125, 0.0, 0.0]","[0, 10, 10, 10, 0, 0, 0, 0, 10, 1, 10, 10, 10, 1, 10, 0, 1, 10, 0, 4, 0, 10, 0, 10, 10, 10, 0, 10, 10, 0, 5, 0, 0, 10, 10, 10, 0, 10, 10, 10, 1, 0, 10, 0, 0, 10, 10, 0, 10, 0, 0, 2, 10, 10, 10, 0, 3, 10]",5.31,21.49%,21.0,36.21%
sufucoqview__test(2025-06-19_20-01-51/80),55.17%,32.0,58.0,"[0, 4, 5, 6, 7, 9, 13, 15, 16, 18, 19, 20, 22, 26, 27, 29, 30, 31, 32, 35, 36, 38, 40, 41, 43, 44, 47, 49, 50, 51, 55, 56]",0.28%,1.0,358.0,[18],"[0.0, 0.0, 0.0, 0.0, 0.0, 0.0, 0.0, 0.0, 0.0, 0.0, 0.0, 0.0, 0.0, 0.0, 0.0, 0.0, 0.0, 0.0, 0.1111111111111111, 0.0, 0.0, 0.0, 0.0, 0.0, 0.0, 0.0, 0.0, 0.0, 0.0, 0.0, 0.0, 0.0, 0.0, 0.0, 0.0, 0.0, 0.0, 0.0, 0.0, 0.0, 0.0, 0.0, 0.0, 0.0, 0.0, 0.0, 0.0, 0.0, 0.0, 0.0, 0.0, 0.0, 0.0, 0.0, 0.0, 0.0, 0.0, 0.0]","[0, 10, 10, 10, 0, 1, 0, 0, 10, 0, 10, 10, 10, 1, 10, 0, 1, 10, 0, 3, 0, 10, 0, 10, 10, 10, 0, 9, 10, 0, 3, 0, 0, 10, 10, 0, 0, 10, 5, 10, 1, 0, 10, 0, 0, 10, 10, 0, 10, 0, 0, 2, 10, 10, 10, 0, 2, 10]",4.97,23.18%,22.0,37.93%
sufucoqview__test(2025-06-19_20-01-51/90),50.00%,29.0,58.0,"[0, 4, 5, 6, 7, 9, 13, 15, 16, 18, 19, 20, 22, 26, 29, 30, 31, 32, 35, 36, 41, 43, 44, 47, 49, 50, 51, 55, 56]",0.82%,3.0,366.0,"[18, 55]","[0.0, 0.0, 0.0, 0.0, 0.0, 0.0, 0.0, 0.0, 0.0, 0.0, 0.0, 0.0, 0.0, 0.0, 0.0, 0.0, 0.0, 0.0, 0.25, 0.0, 0.0, 0.0, 0.0, 0.0, 0.0, 0.0, 0.0, 0.0, 0.0, 0.0, 0.0, 0.0, 0.0, 0.0, 0.0, 0.0, 0.0, 0.0, 0.0, 0.0, 0.0, 0.0, 0.0, 0.0, 0.0, 0.0, 0.0, 0.0, 0.0, 0.0, 0.0, 0.0, 0.0, 0.0, 0.0, 0.1, 0.0, 0.0]","[0, 10, 10, 10, 0, 0, 0, 0, 10, 1, 10, 10, 10, 1, 10, 0, 1, 10, 0, 2, 0, 10, 0, 10, 10, 10, 0, 10, 10, 0, 4, 0, 0, 10, 10, 0, 0, 10, 10, 10, 10, 0, 10, 0, 0, 10, 10, 0, 10, 0, 0, 2, 10, 10, 10, 0, 2, 10]",5.22,22.13%,22.0,37.93%
sufucoqview__test(2025-06-19_20-01-51/100),53.45%,31.0,58.0,"[0, 4, 5, 6, 7, 9, 13, 15, 16, 18, 19, 20, 22, 26, 27, 29, 30, 31, 32, 35, 36, 40, 41, 43, 44, 47, 49, 50, 51, 55, 56]",0.00%,0.0,361.0,[],"[0.0, 0.0, 0.0, 0.0, 0.0, 0.0, 0.0, 0.0, 0.0, 0.0, 0.0, 0.0, 0.0, 0.0, 0.0, 0.0, 0.0, 0.0, 0.0, 0.0, 0.0, 0.0, 0.0, 0.0, 0.0, 0.0, 0.0, 0.0, 0.0, 0.0, 0.0, 0.0, 0.0, 0.0, 0.0, 0.0, 0.0, 0.0, 0.0, 0.0, 0.0, 0.0, 0.0, 0.0, 0.0, 0.0, 0.0, 0.0, 0.0, 0.0, 0.0, 0.0, 0.0, 0.0, 0.0, 0.0, 0.0, 0.0]","[0, 10, 10, 10, 0, 0, 0, 0, 10, 1, 10, 10, 10, 2, 10, 0, 1, 10, 0, 1, 0, 10, 0, 10, 10, 10, 0, 7, 10, 0, 4, 0, 0, 10, 10, 0, 0, 10, 10, 10, 1, 0, 10, 0, 0, 10, 10, 0, 10, 0, 0, 2, 10, 10, 10, 0, 3, 10]",5.03,24.65%,22.0,37.93%
sufucoqview__test(2025-06-19_20-01-51/110),51.72%,30.0,58.0,"[0, 4, 5, 6, 7, 9, 13, 15, 18, 19, 20, 22, 26, 29, 30, 31, 32, 35, 36, 38, 40, 41, 43, 44, 47, 49, 50, 51, 55, 56]",0.28%,1.0,351.0,[55],"[0.0, 0.0, 0.0, 0.0, 0.0, 0.0, 0.0, 0.0, 0.0, 0.0, 0.0, 0.0, 0.0, 0.0, 0.0, 0.0, 0.0, 0.0, 0.0, 0.0, 0.0, 0.0, 0.0, 0.0, 0.0, 0.0, 0.0, 0.0, 0.0, 0.0, 0.0, 0.0, 0.0, 0.0, 0.0, 0.0, 0.0, 0.0, 0.0, 0.0, 0.0, 0.0, 0.0, 0.0, 0.0, 0.0, 0.0, 0.0, 0.0, 0.0, 0.0, 0.0, 0.0, 0.0, 0.0, 0.1, 0.0, 0.0]","[0, 10, 10, 10, 0, 0, 0, 0, 10, 1, 10, 10, 10, 2, 10, 0, 10, 10, 0, 1, 0, 10, 0, 10, 10, 10, 0, 10, 10, 0, 3, 0, 0, 10, 10, 0, 0, 10, 5, 10, 1, 0, 10, 0, 0, 10, 10, 0, 10, 0, 0, 2, 10, 10, 10, 0, 4, 10]",5.16,21.08%,22.0,37.93%
sufucoqview__test(2025-06-19_20-01-51/120),51.72%,30.0,58.0,"[0, 4, 5, 6, 7, 9, 13, 15, 16, 18, 19, 20, 22, 26, 29, 30, 31, 32, 35, 36, 40, 41, 43, 44, 47, 49, 50, 51, 55, 56]",0.28%,1.0,359.0,[55],"[0.0, 0.0, 0.0, 0.0, 0.0, 0.0, 0.0, 0.0, 0.0, 0.0, 0.0, 0.0, 0.0, 0.0, 0.0, 0.0, 0.0, 0.0, 0.0, 0.0, 0.0, 0.0, 0.0, 0.0, 0.0, 0.0, 0.0, 0.0, 0.0, 0.0, 0.0, 0.0, 0.0, 0.0, 0.0, 0.0, 0.0, 0.0, 0.0, 0.0, 0.0, 0.0, 0.0, 0.0, 0.0, 0.0, 0.0, 0.0, 0.0, 0.0, 0.0, 0.0, 0.0, 0.0, 0.0, 0.1, 0.0, 0.0]","[0, 10, 10, 10, 0, 0, 0, 0, 10, 1, 10, 10, 10, 1, 10, 0, 1, 10, 0, 1, 1, 10, 0, 10, 10, 10, 0, 10, 10, 0, 3, 0, 0, 10, 10, 0, 0, 10, 10, 10, 1, 0, 10, 0, 0, 10, 10, 0, 10, 0, 0, 2, 10, 10, 10, 0, 4, 10]",5.09,22.84%,21.0,36.21%
sufucoqview__test(2025-06-19_20-01-51/130),51.72%,30.0,58.0,"[0, 4, 5, 6, 7, 9, 13, 15, 16, 18, 19, 20, 22, 26, 29, 30, 31, 32, 35, 36, 40, 41, 43, 44, 47, 49, 50, 51, 55, 56]",0.00%,0.0,363.0,[],"[0.0, 0.0, 0.0, 0.0, 0.0, 0.0, 0.0, 0.0, 0.0, 0.0, 0.0, 0.0, 0.0, 0.0, 0.0, 0.0, 0.0, 0.0, 0.0, 0.0, 0.0, 0.0, 0.0, 0.0, 0.0, 0.0, 0.0, 0.0, 0.0, 0.0, 0.0, 0.0, 0.0, 0.0, 0.0, 0.0, 0.0, 0.0, 0.0, 0.0, 0.0, 0.0, 0.0, 0.0, 0.0, 0.0, 0.0, 0.0, 0.0, 0.0, 0.0, 0.0, 0.0, 0.0, 0.0, 0.0, 0.0, 0.0]","[0, 10, 10, 10, 0, 0, 0, 0, 10, 1, 10, 10, 10, 2, 10, 0, 1, 10, 0, 2, 1, 10, 0, 10, 10, 10, 0, 10, 10, 0, 3, 0, 0, 10, 10, 0, 0, 10, 10, 10, 1, 0, 10, 0, 0, 10, 10, 0, 10, 0, 0, 2, 10, 10, 10, 0, 3, 10]",5.1,20.39%,21.0,36.21%
sufucoqview__test(2025-06-19_20-01-51/140),50.00%,29.0,58.0,"[0, 4, 5, 6, 7, 9, 13, 15, 18, 19, 20, 22, 26, 29, 30, 31, 32, 35, 36, 40, 41, 43, 44, 47, 49, 50, 51, 55, 56]",0.29%,1.0,347.0,[18],"[0.0, 0.0, 0.0, 0.0, 0.0, 0.0, 0.0, 0.0, 0.0, 0.0, 0.0, 0.0, 0.0, 0.0, 0.0, 0.0, 0.0, 0.0, 0.125, 0.0, 0.0, 0.0, 0.0, 0.0, 0.0, 0.0, 0.0, 0.0, 0.0, 0.0, 0.0, 0.0, 0.0, 0.0, 0.0, 0.0, 0.0, 0.0, 0.0, 0.0, 0.0, 0.0, 0.0, 0.0, 0.0, 0.0, 0.0, 0.0, 0.0, 0.0, 0.0, 0.0, 0.0, 0.0, 0.0, 0.0, 0.0, 0.0]","[0, 10, 10, 10, 0, 0, 0, 0, 10, 1, 10, 10, 10, 2, 10, 0, 10, 10, 0, 2, 3, 10, 0, 10, 10, 10, 0, 10, 10, 0, 2, 0, 0, 10, 10, 0, 0, 10, 10, 10, 1, 0, 10, 0, 0, 10, 10, 0, 10, 0, 0, 2, 10, 10, 10, 0, 3, 10]",5.28,21.33%,21.0,36.21%
sufucoqview__test(2025-06-19_20-01-51/150),50.00%,29.0,58.0,"[0, 4, 5, 6, 7, 9, 13, 15, 18, 20, 22, 26, 29, 30, 31, 32, 35, 36, 38, 40, 41, 43, 44, 47, 49, 50, 51, 55, 56]",0.00%,0.0,340.0,[],"[0.0, 0.0, 0.0, 0.0, 0.0, 0.0, 0.0, 0.0, 0.0, 0.0, 0.0, 0.0, 0.0, 0.0, 0.0, 0.0, 0.0, 0.0, 0.0, 0.0, 0.0, 0.0, 0.0, 0.0, 0.0, 0.0, 0.0, 0.0, 0.0, 0.0, 0.0, 0.0, 0.0, 0.0, 0.0, 0.0, 0.0, 0.0, 0.0, 0.0, 0.0, 0.0, 0.0, 0.0, 0.0, 0.0, 0.0, 0.0, 0.0, 0.0, 0.0, 0.0, 0.0, 0.0, 0.0, 0.0, 0.0, 0.0]","[0, 10, 10, 10, 0, 0, 0, 0, 10, 0, 10, 10, 10, 2, 10, 0, 10, 10, 0, 10, 1, 10, 0, 10, 10, 10, 0, 10, 10, 0, 3, 0, 0, 10, 10, 0, 0, 10, 4, 10, 1, 0, 10, 0, 0, 10, 10, 0, 10, 0, 0, 3, 10, 10, 10, 0, 3, 10]",5.29,22.35%,22.0,37.93%
sufucoqview__test(2025-06-19_20-01-51/160),44.83%,26.0,58.0,"[0, 4, 5, 6, 7, 9, 13, 15, 18, 20, 22, 26, 29, 30, 31, 32, 36, 40, 41, 43, 44, 47, 49, 50, 51, 55]",0.00%,0.0,343.0,[],"[0.0, 0.0, 0.0, 0.0, 0.0, 0.0, 0.0, 0.0, 0.0, 0.0, 0.0, 0.0, 0.0, 0.0, 0.0, 0.0, 0.0, 0.0, 0.0, 0.0, 0.0, 0.0, 0.0, 0.0, 0.0, 0.0, 0.0, 0.0, 0.0, 0.0, 0.0, 0.0, 0.0, 0.0, 0.0, 0.0, 0.0, 0.0, 0.0, 0.0, 0.0, 0.0, 0.0, 0.0, 0.0, 0.0, 0.0, 0.0, 0.0, 0.0, 0.0, 0.0, 0.0, 0.0, 0.0, 0.0, 0.0, 0.0]","[0, 10, 10, 10, 0, 0, 0, 0, 10, 0, 10, 10, 10, 1, 10, 0, 10, 10, 0, 10, 2, 10, 0, 10, 10, 10, 0, 10, 10, 0, 3, 0, 0, 10, 10, 10, 0, 10, 10, 10, 1, 0, 10, 0, 0, 10, 10, 0, 10, 0, 0, 2, 10, 10, 10, 0, 10, 10]",5.67,21.28%,21.0,36.21%
sufucoqview__test(2025-06-19_20-01-51/170),50.00%,29.0,58.0,"[0, 4, 5, 6, 7, 9, 12, 13, 15, 18, 19, 20, 22, 26, 29, 30, 31, 32, 36, 38, 40, 41, 43, 44, 47, 49, 50, 51, 55]",0.00%,0.0,345.0,[],"[0.0, 0.0, 0.0, 0.0, 0.0, 0.0, 0.0, 0.0, 0.0, 0.0, 0.0, 0.0, 0.0, 0.0, 0.0, 0.0, 0.0, 0.0, 0.0, 0.0, 0.0, 0.0, 0.0, 0.0, 0.0, 0.0, 0.0, 0.0, 0.0, 0.0, 0.0, 0.0, 0.0, 0.0, 0.0, 0.0, 0.0, 0.0, 0.0, 0.0, 0.0, 0.0, 0.0, 0.0, 0.0, 0.0, 0.0, 0.0, 0.0, 0.0, 0.0, 0.0, 0.0, 0.0, 0.0, 0.0, 0.0, 0.0]","[0, 10, 10, 10, 0, 0, 0, 0, 10, 0, 10, 10, 5, 1, 10, 0, 10, 10, 0, 1, 0, 10, 0, 10, 10, 10, 0, 10, 10, 0, 3, 0, 0, 10, 10, 10, 0, 10, 4, 10, 1, 0, 10, 0, 0, 10, 10, 0, 10, 0, 0, 2, 10, 10, 10, 0, 10, 10]",5.29,21.74%,22.0,37.93%
sufucoqview__test(2025-06-19_20-01-51/180),46.55%,27.0,58.0,"[0, 4, 5, 6, 7, 9, 13, 15, 18, 20, 22, 26, 29, 30, 31, 32, 35, 36, 40, 41, 43, 44, 47, 49, 50, 51, 55]",0.00%,0.0,356.0,[],"[0.0, 0.0, 0.0, 0.0, 0.0, 0.0, 0.0, 0.0, 0.0, 0.0, 0.0, 0.0, 0.0, 0.0, 0.0, 0.0, 0.0, 0.0, 0.0, 0.0, 0.0, 0.0, 0.0, 0.0, 0.0, 0.0, 0.0, 0.0, 0.0, 0.0, 0.0, 0.0, 0.0, 0.0, 0.0, 0.0, 0.0, 0.0, 0.0, 0.0, 0.0, 0.0, 0.0, 0.0, 0.0, 0.0, 0.0, 0.0, 0.0, 0.0, 0.0, 0.0, 0.0, 0.0, 0.0, 0.0, 0.0, 0.0]","[0, 10, 10, 10, 0, 0, 0, 0, 10, 0, 10, 10, 10, 1, 10, 0, 10, 10, 0, 10, 0, 10, 0, 10, 10, 10, 0, 10, 10, 0, 3, 0, 0, 10, 10, 0, 0, 10, 10, 10, 1, 0, 10, 0, 0, 10, 10, 0, 10, 0, 0, 3, 10, 10, 10, 0, 10, 10]",5.48,21.35%,23.0,39.66%
sufucoqview__test(2025-06-19_20-01-51/190),48.28%,28.0,58.0,"[0, 4, 5, 6, 7, 9, 13, 15, 18, 20, 22, 26, 29, 30, 31, 32, 35, 36, 40, 41, 43, 44, 47, 49, 50, 51, 55, 56]",0.00%,0.0,354.0,[],"[0.0, 0.0, 0.0, 0.0, 0.0, 0.0, 0.0, 0.0, 0.0, 0.0, 0.0, 0.0, 0.0, 0.0, 0.0, 0.0, 0.0, 0.0, 0.0, 0.0, 0.0, 0.0, 0.0, 0.0, 0.0, 0.0, 0.0, 0.0, 0.0, 0.0, 0.0, 0.0, 0.0, 0.0, 0.0, 0.0, 0.0, 0.0, 0.0, 0.0, 0.0, 0.0, 0.0, 0.0, 0.0, 0.0, 0.0, 0.0, 0.0, 0.0, 0.0, 0.0, 0.0, 0.0, 0.0, 0.0, 0.0, 0.0]","[0, 10, 10, 10, 0, 0, 0, 0, 10, 0, 10, 10, 10, 1, 10, 0, 10, 10, 0, 10, 0, 10, 0, 10, 10, 10, 0, 10, 10, 0, 4, 0, 0, 10, 10, 0, 0, 10, 10, 10, 1, 0, 10, 0, 0, 10, 10, 0, 10, 0, 0, 3, 10, 10, 10, 0, 3, 10]",5.38,19.77%,23.0,39.66%
sufucoqview__test(2025-06-19_20-01-51/200),46.55%,27.0,58.0,"[0, 4, 5, 6, 7, 9, 12, 13, 15, 18, 20, 22, 26, 29, 30, 31, 32, 36, 40, 41, 43, 44, 47, 49, 50, 51, 55]",0.29%,1.0,348.0,[38],"[0.0, 0.0, 0.0, 0.0, 0.0, 0.0, 0.0, 0.0, 0.0, 0.0, 0.0, 0.0, 0.0, 0.0, 0.0, 0.0, 0.0, 0.0, 0.0, 0.0, 0.0, 0.0, 0.0, 0.0, 0.0, 0.0, 0.0, 0.0, 0.0, 0.0, 0.0, 0.0, 0.0, 0.0, 0.0, 0.0, 0.0, 0.0, 0.1, 0.0, 0.0, 0.0, 0.0, 0.0, 0.0, 0.0, 0.0, 0.0, 0.0, 0.0, 0.0, 0.0, 0.0, 0.0, 0.0, 0.0, 0.0, 0.0]","[0, 10, 10, 10, 0, 0, 0, 0, 10, 0, 10, 10, 3, 1, 10, 0, 10, 10, 0, 10, 0, 10, 0, 10, 10, 10, 0, 10, 10, 0, 5, 0, 0, 10, 10, 10, 0, 10, 10, 10, 0, 0, 10, 0, 0, 10, 10, 0, 10, 0, 0, 2, 10, 10, 10, 0, 10, 10]",5.53,19.83%,23.0,39.66%
mbjpcoqview__test(2025-06-20_16-57-57/20),23.88%,16.0,67.0,"[0, 6, 7, 10, 11, 14, 19, 22, 26, 35, 43, 44, 53, 60, 63, 65]",4.56%,30.0,658.0,"[2, 5, 9, 11, 24, 30, 31, 42]","[0.0, 0.0, 1.0, 0.0, 0.0, 0.5, 0.0, 0.0, 0.0, 0.3, 0.0, 0.3, 0.0, 0.0, 0.0, 0.0, 0.0, 0.0, 0.0, 0.0, 0.0, 0.0, 0.0, 0.0, 0.4, 0.0, 0.0, 0.0, 0.0, 0.0, 0.1, 1.0, 0.0, 0.0, 0.0, 0.0, 0.0, 0.0, 0.0, 0.0, 0.0, 0.0, 0.2, 0.0, 0.0, 0.0, 0.0, 0.0, 0.0, 0.0, 0.0, 0.0, 0.0, 0.0, 0.0, 0.0, 0.0, 0.0, 0.0, 0.0, 0.0, 0.0, 0.0, 0.0, 0.0, 0.0, 0.0]","[5, 10, 10, 10, 10, 10, 0, 0, 10, 10, 2, 6, 10, 10, 2, 10, 10, 10, 10, 0, 10, 10, 1, 10, 10, 10, 2, 10, 10, 10, 10, 10, 10, 10, 10, 5, 10, 10, 10, 10, 10, 10, 10, 0, 0, 10, 10, 10, 10, 10, 10, 10, 10, 1, 10, 10, 10, 10, 10, 10, 3, 10, 10, 0, 10, 7, 10]",8.12,6.53%,6.0,8.96%
mbjpcoqview__test(2025-06-20_16-57-57/40),22.39%,15.0,67.0,"[3, 6, 7, 10, 14, 19, 22, 26, 35, 43, 44, 53, 60, 63, 65]",6.75%,44.0,652.0,"[2, 5, 8, 9, 11, 21, 31, 40, 41, 42, 57]","[0.0, 0.0, 0.6666666666666666, 0.0, 0.0, 0.5, 0.0, 0.0, 0.3, 0.3, 0.0, 0.2, 0.0, 0.0, 0.0, 0.0, 0.0, 0.0, 0.0, 0.0, 0.0, 0.3, 0.0, 0.0, 0.0, 0.0, 0.0, 0.0, 0.0, 0.0, 0.0, 1.0, 0.0, 0.0, 0.0, 0.0, 0.0, 0.0, 0.0, 0.0, 0.1, 0.3, 0.2, 0.0, 0.0, 0.0, 0.0, 0.0, 0.0, 0.0, 0.0, 0.0, 0.0, 0.0, 0.0, 0.0, 0.0, 1.0, 0.0, 0.0, 0.0, 0.0, 0.0, 0.0, 0.0, 0.0, 0.0]","[10, 10, 10, 2, 10, 10, 0, 0, 10, 10, 3, 10, 10, 10, 4, 10, 10, 10, 10, 0, 10, 10, 2, 10, 10, 10, 1, 10, 10, 10, 10, 10, 10, 10, 10, 9, 10, 10, 10, 10, 10, 10, 10, 0, 0, 10, 10, 10, 10, 10, 10, 10, 10, 1, 10, 10, 10, 10, 10, 10, 0, 10, 10, 0, 10, 5, 10]",8.16,5.98%,7.0,10.45%
mbjpcoqview__test(2025-06-20_16-57-57/60),20.90%,14.0,67.0,"[6, 7, 10, 14, 19, 20, 22, 26, 43, 44, 53, 60, 63, 65]",5.56%,36.0,647.0,"[5, 8, 9, 11, 17, 21, 24, 31, 36, 41, 42]","[0.0, 0.0, 0.0, 0.0, 0.0, 0.1, 0.0, 0.0, 0.2, 0.4, 0.0, 0.1, 0.0, 0.0, 0.0, 0.0, 0.0, 0.1, 0.0, 0.0, 0.0, 0.3, 0.0, 0.0, 0.4, 0.0, 0.0, 0.0, 0.0, 0.0, 0.0, 1.0, 0.0, 0.0, 0.0, 0.0, 0.5, 0.0, 0.0, 0.0, 0.0, 0.3, 0.2, 0.0, 0.0, 0.0, 0.0, 0.0, 0.0, 0.0, 0.0, 0.0, 0.0, 0.0, 0.0, 0.0, 0.0, 0.0, 0.0, 0.0, 0.0, 0.0, 0.0, 0.0, 0.0, 0.0, 0.0]","[10, 10, 10, 10, 10, 10, 0, 0, 10, 10, 4, 10, 10, 10, 4, 10, 10, 10, 10, 0, 8, 10, 2, 10, 10, 10, 5, 10, 10, 10, 10, 10, 10, 10, 10, 10, 10, 10, 10, 10, 10, 10, 10, 0, 0, 10, 10, 10, 10, 10, 10, 10, 10, 1, 10, 10, 10, 10, 10, 10, 0, 10, 10, 0, 10, 3, 10]",8.31,5.72%,7.0,10.45%
mbjpcoqview__test(2025-06-20_16-57-57/80),28.36%,19.0,67.0,"[0, 6, 7, 9, 10, 14, 19, 20, 22, 23, 25, 26, 43, 44, 53, 54, 60, 63, 65]",1.53%,10.0,654.0,"[5, 9, 11, 42, 45, 58]","[0.0, 0.0, 0.0, 0.0, 0.0, 0.2, 0.0, 0.0, 0.0, 0.1, 0.0, 0.3, 0.0, 0.0, 0.0, 0.0, 0.0, 0.0, 0.0, 0.0, 0.0, 0.0, 0.0, 0.0, 0.0, 0.0, 0.0, 0.0, 0.0, 0.0, 0.0, 0.0, 0.0, 0.0, 0.0, 0.0, 0.0, 0.0, 0.0, 0.0, 0.0, 0.0, 0.2, 0.0, 0.0, 0.1, 0.0, 0.0, 0.0, 0.0, 0.0, 0.0, 0.0, 0.0, 0.0, 0.0, 0.0, 0.0, 0.1, 0.0, 0.0, 0.0, 0.0, 0.0, 0.0, 0.0, 0.0]","[2, 10, 10, 10, 10, 10, 0, 0, 10, 2, 4, 10, 10, 10, 2, 10, 10, 10, 10, 0, 4, 10, 4, 9, 10, 9, 3, 10, 10, 10, 10, 10, 10, 10, 10, 10, 10, 10, 10, 10, 10, 10, 10, 0, 0, 10, 10, 10, 10, 10, 10, 10, 10, 0, 8, 10, 10, 10, 10, 10, 0, 10, 10, 0, 10, 5, 10]",7.94,5.96%,8.0,11.94%
mbjpcoqview__test(2025-06-20_16-57-57/100),23.88%,16.0,67.0,"[3, 6, 7, 9, 10, 14, 19, 22, 26, 28, 43, 44, 53, 60, 63, 65]",5.15%,34.0,660.0,"[2, 5, 8, 9, 11, 17, 20, 21, 24, 31, 40, 42]","[0.0, 0.0, 0.2, 0.0, 0.0, 0.4, 0.0, 0.0, 0.2, 0.1, 0.0, 0.2, 0.0, 0.0, 0.0, 0.0, 0.0, 0.1, 0.0, 0.0, 0.1, 0.4, 0.0, 0.0, 0.4, 0.0, 0.0, 0.0, 0.0, 0.0, 0.0, 1.0, 0.0, 0.0, 0.0, 0.0, 0.0, 0.0, 0.0, 0.0, 0.1, 0.0, 0.3, 0.0, 0.0, 0.0, 0.0, 0.0, 0.0, 0.0, 0.0, 0.0, 0.0, 0.0, 0.0, 0.0, 0.0, 0.0, 0.0, 0.0, 0.0, 0.0, 0.0, 0.0, 0.0, 0.0, 0.0]","[10, 10, 10, 4, 10, 10, 0, 0, 10, 4, 3, 10, 10, 10, 7, 10, 10, 10, 10, 0, 10, 10, 6, 10, 10, 10, 3, 10, 9, 10, 10, 10, 10, 10, 10, 10, 10, 10, 10, 10, 10, 10, 10, 0, 0, 10, 10, 10, 10, 10, 10, 10, 10, 0, 10, 10, 10, 10, 10, 10, 0, 10, 10, 0, 10, 5, 10]",8.22,5.91%,8.0,11.94%
mbjpnocheck__test,19.40%,13.0,67.0,"[0, 3, 6, 7, 19, 22, 25, 26, 43, 44, 53, 60, 63]",27.31%,183.0,670.0,"[1, 2, 3, 4, 5, 6, 8, 9, 10, 11, 13, 15, 18, 19, 20, 21, 24, 25, 27, 30, 31, 32, 35, 36, 37, 38, 39, 41, 42, 43, 45, 47, 48, 50, 55, 56, 57, 58, 60, 61, 64, 66]","[0.0, 0.6, 0.5, 0.7, 0.3, 0.9, 0.3, 0.0, 0.2, 0.6, 0.2, 0.7, 0.0, 0.1, 0.0, 0.1, 0.0, 0.0, 0.1, 0.1, 0.4, 0.7, 0.0, 0.0, 1.0, 0.1, 0.0, 0.1, 0.0, 0.0, 0.8, 0.8, 0.3, 0.0, 0.0, 0.4, 0.8, 0.3, 0.1, 0.1, 0.0, 0.9, 0.3, 0.7, 0.0, 0.1, 0.0, 1.0, 0.1, 0.0, 0.1, 0.0, 0.0, 0.0, 0.0, 0.4, 0.4, 1.0, 0.1, 0.0, 0.2, 0.9, 0.0, 0.0, 0.5, 0.0, 0.3]","[0, 10, 10, 8, 10, 10, 1, 0, 10, 10, 10, 10, 10, 10, 10, 10, 10, 10, 10, 0, 10, 10, 1, 10, 10, 3, 5, 10, 10, 10, 10, 10, 10, 10, 10, 10, 10, 10, 10, 10, 10, 10, 10, 0, 0, 10, 10, 10, 10, 10, 10, 10, 10, 0, 10, 10, 10, 10, 10, 10, 1, 10, 10, 0, 10, 10, 10]",8.34,5.67%,7.0,10.45%
codet5-base_sufu__test(2025-06-29_23-21-14/20),27.59%,16.0,58.0,"[0, 4, 5, 7, 9, 12, 16, 22, 29, 31, 36, 41, 47, 49, 50, 55]",84.14%,488.0,580.0,"[0, 1, 2, 3, 4, 5, 6, 7, 8, 9, 10, 11, 12, 13, 14, 15, 16, 17, 18, 19, 20, 21, 22, 23, 24, 25, 26, 27, 28, 29, 30, 31, 32, 33, 34, 35, 36, 37, 38, 39, 40, 41, 42, 43, 44, 45, 46, 47, 48, 49, 50, 51, 52, 53, 54, 55, 56, 57]","[0.8, 0.9, 0.7, 1.0, 0.7, 0.7, 1.0, 0.7, 1.0, 0.8, 1.0, 1.0, 0.7, 1.0, 1.0, 1.0, 0.2, 1.0, 1.0, 0.9, 1.0, 1.0, 0.9, 0.6, 1.0, 1.0, 1.0, 1.0, 1.0, 0.7, 1.0, 0.8, 0.9, 1.0, 1.0, 0.6, 0.7, 0.7, 0.7, 1.0, 0.7, 0.5, 1.0, 1.0, 1.0, 1.0, 1.0, 0.6, 0.8, 0.5, 0.5, 1.0, 0.8, 0.6, 1.0, 0.7, 1.0, 0.4]","[0, 10, 10, 10, 0, 0, 10, 0, 10, 1, 10, 10, 0, 10, 10, 10, 0, 10, 10, 10, 10, 10, 1, 10, 10, 10, 10, 10, 10, 0, 10, 0, 10, 10, 10, 10, 0, 10, 10, 10, 10, 0, 10, 10, 10, 10, 10, 0, 10, 0, 0, 10, 10, 10, 10, 0, 10, 10]",7.28,8.79%,14.0,24.14%
codet5-base_sufu__test(2025-06-29_23-21-14/40),27.59%,16.0,58.0,"[0, 4, 5, 7, 9, 16, 22, 23, 29, 31, 36, 41, 47, 49, 50, 55]",81.38%,472.0,580.0,"[0, 1, 2, 3, 4, 5, 6, 7, 8, 9, 10, 11, 12, 13, 14, 15, 16, 17, 18, 19, 20, 21, 22, 23, 24, 25, 26, 27, 28, 29, 30, 31, 32, 33, 34, 35, 36, 37, 38, 39, 40, 41, 42, 43, 44, 45, 46, 47, 48, 49, 50, 51, 52, 53, 54, 55, 56, 57]","[0.6, 0.7, 0.9, 1.0, 0.4, 0.5, 1.0, 0.5, 1.0, 0.8, 1.0, 1.0, 1.0, 1.0, 1.0, 1.0, 0.6, 1.0, 1.0, 0.6, 1.0, 1.0, 0.6, 0.7, 1.0, 1.0, 1.0, 1.0, 1.0, 0.4, 1.0, 0.9, 0.8, 1.0, 1.0, 0.7, 0.4, 0.7, 0.4, 1.0, 0.5, 0.6, 1.0, 1.0, 1.0, 0.9, 1.0, 0.7, 0.9, 0.3, 0.5, 1.0, 1.0, 0.6, 1.0, 0.3, 1.0, 0.7]","[0, 10, 10, 10, 0, 0, 10, 0, 10, 0, 10, 10, 10, 10, 10, 10, 0, 10, 10, 10, 10, 10, 0, 2, 10, 10, 10, 10, 10, 0, 10, 1, 10, 10, 10, 10, 0, 10, 10, 10, 10, 0, 10, 10, 10, 10, 10, 0, 10, 0, 0, 10, 10, 10, 10, 0, 10, 10]",7.29,11.72%,14.0,24.14%
codet5-base_sufu__test(2025-06-29_23-21-14/60),29.31%,17.0,58.0,"[0, 4, 5, 7, 9, 12, 16, 22, 23, 29, 31, 36, 41, 47, 49, 50, 55]",82.76%,480.0,580.0,"[0, 1, 2, 3, 4, 5, 6, 7, 8, 9, 10, 11, 12, 13, 14, 15, 16, 17, 18, 19, 20, 21, 22, 23, 24, 25, 26, 27, 28, 29, 30, 31, 32, 33, 34, 35, 36, 37, 38, 39, 40, 41, 42, 43, 44, 45, 46, 47, 48, 49, 50, 51, 52, 53, 54, 55, 56, 57]","[0.4, 0.8, 1.0, 1.0, 0.7, 0.8, 1.0, 0.1, 1.0, 0.6, 1.0, 1.0, 0.6, 1.0, 1.0, 1.0, 0.2, 1.0, 1.0, 0.8, 1.0, 1.0, 0.8, 0.7, 1.0, 1.0, 1.0, 0.9, 1.0, 0.7, 1.0, 0.8, 0.9, 1.0, 1.0, 0.6, 0.7, 0.7, 0.5, 1.0, 1.0, 0.6, 1.0, 1.0, 1.0, 1.0, 1.0, 0.2, 1.0, 0.4, 0.6, 1.0, 1.0, 0.6, 1.0, 0.7, 0.9, 0.7]","[0, 10, 10, 10, 0, 0, 10, 0, 10, 0, 10, 10, 0, 10, 10, 10, 0, 10, 10, 10, 10, 10, 0, 0, 10, 10, 10, 10, 10, 0, 10, 0, 10, 10, 10, 10, 0, 10, 10, 10, 10, 0, 10, 10, 10, 10, 10, 0, 10, 0, 0, 10, 10, 10, 10, 0, 10, 10]",7.07,11.38%,17.0,29.31%
codet5-base_sufu__test(2025-06-29_23-21-14/80),32.76%,19.0,58.0,"[0, 1, 4, 5, 7, 9, 12, 16, 22, 23, 29, 31, 36, 41, 44, 47, 49, 50, 55]",79.48%,461.0,580.0,"[0, 1, 2, 3, 4, 5, 6, 7, 8, 9, 10, 11, 12, 13, 14, 15, 16, 17, 18, 19, 20, 21, 22, 23, 24, 25, 26, 27, 28, 29, 30, 31, 32, 33, 34, 35, 36, 37, 38, 39, 40, 41, 42, 43, 44, 45, 46, 47, 48, 49, 50, 51, 52, 53, 54, 55, 56, 57]","[0.1, 0.8, 0.5, 1.0, 0.3, 0.8, 1.0, 0.2, 1.0, 0.8, 1.0, 1.0, 0.4, 0.9, 1.0, 1.0, 0.6, 1.0, 1.0, 0.8, 1.0, 1.0, 0.9, 0.9, 1.0, 1.0, 1.0, 1.0, 0.9, 0.6, 1.0, 0.4, 1.0, 1.0, 1.0, 0.4, 0.3, 0.7, 0.1, 1.0, 0.8, 0.5, 1.0, 1.0, 0.9, 1.0, 1.0, 0.3, 0.9, 0.6, 0.6, 1.0, 1.0, 0.7, 1.0, 0.9, 0.9, 0.6]","[0, 5, 10, 10, 0, 0, 10, 0, 10, 0, 10, 10, 2, 10, 10, 10, 0, 10, 10, 10, 10, 10, 0, 0, 10, 10, 10, 10, 10, 0, 10, 0, 10, 10, 10, 10, 0, 10, 10, 10, 10, 0, 10, 10, 8, 10, 10, 0, 10, 0, 0, 10, 10, 10, 10, 0, 10, 10]",6.98,10.69%,16.0,27.59%
codet5-base_sufu__test(2025-06-29_23-21-14/100),31.03%,18.0,58.0,"[0, 1, 4, 5, 7, 9, 12, 16, 22, 23, 29, 31, 36, 41, 47, 49, 50, 55]",80.17%,465.0,580.0,"[0, 1, 2, 3, 4, 5, 6, 7, 8, 9, 10, 11, 12, 13, 14, 15, 16, 17, 18, 19, 20, 21, 22, 23, 24, 25, 26, 27, 28, 29, 30, 31, 32, 33, 34, 35, 36, 37, 38, 39, 40, 41, 42, 43, 44, 45, 46, 47, 48, 49, 50, 51, 52, 53, 54, 55, 56, 57]","[0.6, 0.5, 1.0, 1.0, 0.8, 0.5, 1.0, 0.3, 1.0, 0.7, 1.0, 1.0, 0.7, 1.0, 1.0, 1.0, 0.4, 1.0, 1.0, 0.6, 1.0, 1.0, 0.7, 0.5, 1.0, 1.0, 1.0, 0.6, 1.0, 0.5, 1.0, 0.8, 0.9, 1.0, 1.0, 0.4, 0.8, 0.5, 0.5, 1.0, 0.8, 0.6, 1.0, 1.0, 0.9, 0.9, 0.9, 0.4, 0.9, 0.5, 0.7, 1.0, 1.0, 0.6, 1.0, 0.7, 0.9, 0.4]","[0, 0, 10, 10, 0, 0, 10, 0, 10, 0, 10, 10, 0, 10, 10, 10, 0, 10, 10, 10, 10, 10, 0, 0, 10, 10, 10, 10, 10, 0, 10, 0, 10, 10, 10, 10, 0, 10, 10, 10, 10, 0, 10, 10, 10, 10, 10, 0, 10, 0, 0, 10, 10, 10, 10, 0, 10, 10]",6.9,9.31%,18.0,31.03%
codet5-base_sufu__test(2025-06-29_23-21-14/120),31.03%,18.0,58.0,"[0, 1, 4, 5, 7, 9, 12, 16, 22, 23, 29, 31, 36, 41, 47, 49, 50, 55]",80.86%,469.0,580.0,"[0, 1, 2, 3, 4, 5, 6, 7, 8, 9, 10, 11, 12, 13, 14, 15, 16, 17, 18, 19, 20, 21, 22, 23, 24, 25, 26, 27, 28, 29, 30, 31, 32, 33, 34, 35, 36, 37, 38, 39, 40, 41, 42, 43, 44, 45, 46, 47, 48, 49, 50, 51, 52, 53, 54, 55, 56, 57]","[0.6, 0.6, 1.0, 1.0, 0.6, 0.7, 1.0, 0.3, 1.0, 0.4, 1.0, 1.0, 0.4, 1.0, 1.0, 1.0, 0.5, 1.0, 1.0, 0.5, 1.0, 1.0, 0.8, 0.8, 0.9, 1.0, 1.0, 0.7, 1.0, 0.4, 1.0, 0.7, 1.0, 1.0, 1.0, 0.8, 0.6, 0.6, 0.7, 1.0, 0.8, 0.4, 1.0, 1.0, 0.9, 0.9, 1.0, 0.5, 0.8, 0.5, 0.7, 1.0, 1.0, 0.7, 1.0, 0.6, 0.9, 0.6]","[0, 0, 10, 10, 0, 0, 10, 0, 10, 0, 10, 10, 0, 10, 10, 10, 1, 10, 10, 10, 10, 10, 0, 1, 10, 10, 10, 10, 10, 0, 10, 0, 10, 10, 10, 10, 0, 10, 10, 10, 10, 0, 10, 10, 10, 10, 10, 0, 10, 0, 0, 10, 10, 10, 10, 0, 10, 10]",6.93,11.72%,16.0,27.59%
codet5-base_sufu__test(2025-06-29_23-21-14/140),31.03%,18.0,58.0,"[0, 4, 5, 7, 9, 12, 16, 22, 23, 29, 31, 32, 36, 41, 47, 49, 50, 55]",82.93%,481.0,580.0,"[0, 1, 2, 3, 4, 5, 6, 7, 8, 9, 10, 11, 12, 13, 14, 15, 16, 17, 18, 19, 20, 21, 22, 23, 24, 25, 26, 27, 28, 29, 30, 31, 32, 33, 34, 35, 36, 37, 38, 39, 40, 41, 42, 43, 44, 45, 46, 47, 48, 49, 50, 51, 52, 53, 54, 55, 56, 57]","[0.8, 0.7, 1.0, 1.0, 0.5, 0.4, 1.0, 0.4, 1.0, 0.8, 1.0, 1.0, 0.7, 1.0, 1.0, 1.0, 0.8, 1.0, 1.0, 0.7, 1.0, 1.0, 0.8, 0.7, 1.0, 1.0, 1.0, 1.0, 1.0, 0.5, 1.0, 0.6, 0.8, 1.0, 1.0, 0.8, 0.5, 0.5, 0.3, 1.0, 1.0, 0.6, 1.0, 1.0, 1.0, 1.0, 1.0, 0.4, 1.0, 0.1, 0.6, 1.0, 1.0, 0.9, 1.0, 0.7, 1.0, 0.5]","[0, 10, 10, 10, 0, 0, 10, 0, 10, 0, 10, 10, 2, 10, 10, 10, 1, 10, 10, 10, 10, 10, 0, 0, 10, 10, 10, 10, 10, 0, 10, 0, 3, 10, 10, 10, 0, 10, 10, 10, 10, 0, 10, 10, 10, 10, 10, 0, 10, 0, 0, 10, 10, 10, 10, 0, 10, 10]",7.0,10.00%,15.0,25.86%
codet5-base_sufu__test(2025-06-29_23-21-14/160),32.76%,19.0,58.0,"[0, 1, 4, 5, 7, 9, 12, 16, 22, 23, 29, 31, 32, 36, 41, 47, 49, 50, 55]",83.10%,482.0,580.0,"[0, 1, 2, 3, 4, 5, 6, 7, 8, 9, 10, 11, 12, 13, 14, 15, 16, 17, 18, 19, 20, 21, 22, 23, 24, 25, 26, 27, 28, 29, 30, 31, 32, 33, 34, 35, 36, 37, 38, 39, 40, 41, 42, 43, 44, 45, 46, 47, 48, 49, 50, 51, 52, 53, 54, 55, 56, 57]","[0.4, 0.9, 1.0, 1.0, 0.5, 0.6, 1.0, 0.3, 1.0, 0.8, 1.0, 1.0, 0.6, 1.0, 1.0, 1.0, 0.7, 1.0, 1.0, 0.8, 1.0, 1.0, 0.9, 0.9, 1.0, 0.9, 1.0, 1.0, 1.0, 0.7, 1.0, 0.6, 0.9, 1.0, 1.0, 1.0, 0.4, 0.7, 0.5, 1.0, 0.7, 0.6, 1.0, 1.0, 0.7, 1.0, 1.0, 0.4, 0.8, 0.6, 0.4, 1.0, 1.0, 0.8, 1.0, 0.7, 1.0, 0.4]","[0, 1, 10, 10, 0, 0, 10, 0, 10, 0, 10, 10, 4, 10, 10, 10, 0, 10, 10, 10, 10, 10, 1, 0, 10, 10, 10, 10, 10, 0, 10, 0, 9, 10, 10, 10, 0, 10, 10, 10, 10, 0, 10, 10, 10, 10, 10, 0, 10, 3, 0, 10, 10, 10, 10, 0, 10, 10]",7.03,11.21%,14.0,24.14%
codet5-base_sufu__test(2025-06-29_23-21-14/180),31.03%,18.0,58.0,"[0, 1, 4, 5, 7, 9, 16, 22, 23, 29, 31, 36, 41, 44, 47, 49, 50, 55]",86.38%,501.0,580.0,"[0, 1, 2, 3, 4, 5, 6, 7, 8, 9, 10, 11, 12, 13, 14, 15, 16, 17, 18, 19, 20, 21, 22, 23, 24, 25, 26, 27, 28, 29, 30, 31, 32, 33, 34, 35, 36, 37, 38, 39, 40, 41, 42, 43, 44, 45, 46, 47, 48, 49, 50, 51, 52, 53, 54, 55, 56, 57]","[0.6, 0.6, 1.0, 1.0, 0.8, 0.7, 1.0, 0.4, 1.0, 0.7, 1.0, 1.0, 1.0, 1.0, 1.0, 1.0, 0.4, 1.0, 1.0, 0.8, 1.0, 1.0, 0.8, 0.8, 1.0, 1.0, 1.0, 0.9, 1.0, 0.6, 1.0, 0.7, 1.0, 1.0, 1.0, 0.9, 0.9, 0.5, 0.5, 1.0, 0.9, 0.6, 1.0, 1.0, 0.8, 1.0, 1.0, 0.6, 0.8, 0.8, 0.8, 1.0, 1.0, 0.9, 1.0, 0.8, 0.9, 0.6]","[0, 7, 10, 10, 0, 0, 10, 0, 10, 0, 10, 10, 10, 10, 10, 10, 0, 10, 10, 10, 10, 10, 0, 3, 10, 10, 10, 10, 10, 0, 10, 0, 10, 10, 10, 10, 0, 10, 10, 10, 10, 0, 10, 10, 2, 10, 10, 0, 10, 4, 0, 10, 10, 10, 10, 0, 10, 10]",7.17,8.10%,14.0,24.14%
codet5p-220m_sufu__test(2025-06-29_23-21-14/20),32.76%,19.0,58.0,"[0, 1, 4, 5, 7, 9, 12, 13, 16, 22, 23, 29, 31, 36, 41, 47, 49, 50, 55]",72.41%,420.0,580.0,"[0, 1, 2, 3, 4, 5, 6, 7, 8, 9, 10, 11, 12, 13, 14, 15, 16, 17, 18, 19, 20, 21, 22, 23, 24, 25, 26, 27, 28, 29, 30, 31, 32, 33, 34, 35, 36, 37, 38, 39, 40, 41, 42, 43, 44, 45, 46, 47, 48, 49, 50, 51, 52, 53, 54, 55, 56, 57]","[0.6, 0.7, 1.0, 1.0, 0.2, 0.4, 1.0, 0.3, 1.0, 0.7, 1.0, 1.0, 0.2, 0.8, 1.0, 1.0, 0.2, 0.8, 1.0, 0.9, 1.0, 1.0, 0.3, 0.8, 0.7, 1.0, 1.0, 0.2, 0.9, 0.4, 0.9, 0.4, 0.6, 1.0, 0.9, 0.6, 0.2, 0.8, 0.5, 1.0, 0.6, 0.2, 1.0, 1.0, 1.0, 1.0, 1.0, 0.2, 0.8, 0.3, 0.4, 1.0, 1.0, 0.6, 1.0, 0.5, 1.0, 0.4]","[0, 4, 10, 10, 0, 0, 10, 0, 10, 2, 10, 10, 0, 7, 10, 10, 2, 10, 10, 10, 10, 10, 0, 4, 10, 10, 10, 10, 10, 0, 10, 0, 10, 10, 10, 10, 0, 10, 10, 10, 10, 0, 10, 10, 10, 10, 10, 0, 10, 0, 0, 10, 10, 10, 10, 0, 10, 10]",7.05,13.62%,14.0,24.14%
codet5p-220m_sufu__test(2025-06-29_23-21-14/40),34.48%,20.0,58.0,"[0, 1, 4, 5, 7, 8, 9, 12, 16, 22, 23, 29, 31, 36, 41, 44, 47, 49, 50, 55]",79.31%,460.0,580.0,"[0, 1, 2, 3, 4, 5, 6, 7, 8, 9, 10, 11, 12, 13, 14, 15, 16, 17, 18, 19, 20, 21, 22, 23, 24, 25, 26, 27, 28, 29, 30, 31, 32, 33, 34, 35, 36, 37, 38, 39, 40, 41, 42, 43, 44, 45, 46, 47, 48, 49, 50, 51, 52, 53, 54, 55, 56, 57]","[0.7, 0.8, 1.0, 1.0, 0.6, 0.7, 1.0, 0.6, 0.8, 0.8, 1.0, 1.0, 0.1, 1.0, 1.0, 1.0, 0.4, 1.0, 1.0, 0.4, 1.0, 1.0, 0.6, 0.9, 0.7, 1.0, 1.0, 1.0, 1.0, 0.6, 1.0, 0.5, 0.7, 1.0, 0.8, 0.8, 0.6, 0.3, 0.5, 1.0, 0.5, 0.8, 1.0, 1.0, 0.8, 1.0, 1.0, 0.5, 0.6, 0.3, 0.6, 1.0, 1.0, 1.0, 1.0, 0.6, 1.0, 0.4]","[0, 0, 10, 10, 0, 0, 10, 0, 3, 0, 10, 10, 0, 10, 10, 10, 0, 10, 10, 10, 10, 10, 0, 1, 10, 10, 10, 10, 10, 0, 10, 9, 10, 10, 10, 10, 0, 10, 10, 10, 10, 0, 10, 10, 1, 10, 10, 0, 10, 0, 0, 10, 10, 10, 10, 0, 10, 10]",6.79,8.10%,16.0,27.59%
codet5p-220m_sufu__test(2025-06-29_23-21-14/60),34.48%,20.0,58.0,"[0, 1, 4, 5, 7, 9, 12, 16, 22, 29, 31, 32, 36, 41, 44, 47, 49, 50, 52, 55]",76.55%,444.0,580.0,"[0, 1, 2, 3, 4, 5, 6, 8, 9, 10, 11, 12, 13, 14, 15, 16, 17, 18, 19, 20, 21, 22, 23, 24, 25, 26, 27, 28, 29, 30, 31, 32, 33, 34, 35, 36, 37, 38, 39, 40, 41, 42, 43, 44, 45, 46, 47, 48, 49, 50, 51, 52, 53, 54, 55, 56, 57]","[0.4, 0.7, 1.0, 1.0, 0.2, 0.4, 1.0, 0.0, 1.0, 0.8, 1.0, 1.0, 0.9, 1.0, 1.0, 1.0, 0.1, 1.0, 1.0, 0.5, 1.0, 1.0, 0.8, 0.7, 1.0, 1.0, 1.0, 0.9, 0.8, 0.4, 1.0, 0.5, 0.6, 1.0, 0.9, 1.0, 0.3, 0.9, 0.5, 1.0, 0.4, 0.2, 1.0, 1.0, 0.7, 1.0, 1.0, 0.4, 0.7, 0.7, 0.8, 1.0, 0.8, 0.8, 1.0, 0.5, 1.0, 0.1]","[0, 0, 10, 10, 0, 0, 10, 0, 10, 0, 10, 10, 0, 10, 10, 10, 0, 10, 10, 10, 10, 10, 0, 10, 10, 10, 10, 10, 10, 0, 10, 0, 4, 10, 10, 10, 0, 10, 10, 10, 10, 0, 10, 10, 1, 10, 10, 0, 10, 1, 0, 10, 1, 10, 10, 0, 10, 10]",6.67,14.83%,16.0,27.59%
codet5p-220m_sufu__test(2025-06-29_23-21-14/80),31.03%,18.0,58.0,"[0, 1, 4, 5, 7, 9, 12, 16, 20, 22, 29, 31, 36, 41, 47, 49, 50, 55]",80.34%,466.0,580.0,"[0, 1, 2, 3, 4, 5, 6, 7, 8, 9, 10, 11, 12, 13, 14, 15, 16, 17, 18, 19, 20, 21, 22, 23, 24, 25, 26, 27, 28, 29, 30, 31, 32, 33, 34, 35, 36, 37, 38, 39, 40, 41, 42, 43, 44, 45, 46, 47, 48, 49, 50, 51, 52, 53, 54, 55, 56, 57]","[0.8, 0.8, 1.0, 1.0, 0.3, 0.7, 1.0, 0.4, 1.0, 0.9, 1.0, 1.0, 0.8, 1.0, 1.0, 1.0, 0.3, 1.0, 1.0, 0.7, 0.9, 1.0, 0.5, 0.9, 0.7, 1.0, 1.0, 1.0, 1.0, 0.6, 0.9, 0.4, 0.6, 1.0, 1.0, 1.0, 0.3, 0.4, 0.3, 1.0, 0.8, 0.4, 1.0, 1.0, 1.0, 0.8, 1.0, 0.2, 1.0, 0.6, 0.6, 1.0, 1.0, 0.5, 1.0, 0.7, 1.0, 0.8]","[0, 0, 10, 10, 0, 0, 10, 0, 10, 3, 10, 10, 4, 10, 10, 10, 0, 10, 10, 10, 1, 10, 0, 10, 10, 10, 10, 10, 10, 0, 10, 0, 10, 10, 10, 10, 0, 10, 10, 10, 10, 0, 10, 10, 10, 10, 10, 0, 10, 0, 0, 10, 10, 10, 10, 0, 10, 10]",7.03,11.38%,15.0,25.86%
codet5p-220m_sufu__test(2025-06-29_23-21-14/100),36.21%,21.0,58.0,"[0, 1, 4, 5, 7, 9, 12, 16, 20, 22, 23, 29, 31, 35, 36, 41, 47, 49, 50, 52, 55]",80.00%,464.0,580.0,"[0, 1, 2, 3, 4, 5, 6, 7, 8, 9, 10, 11, 12, 13, 14, 15, 16, 17, 18, 19, 20, 21, 22, 23, 24, 25, 26, 27, 28, 29, 30, 31, 32, 33, 34, 35, 36, 37, 38, 39, 40, 41, 42, 43, 44, 45, 46, 47, 48, 49, 50, 51, 52, 53, 54, 55, 56, 57]","[0.7, 0.7, 0.9, 1.0, 0.3, 0.6, 1.0, 0.6, 1.0, 0.5, 1.0, 1.0, 0.9, 1.0, 1.0, 1.0, 0.2, 1.0, 1.0, 0.8, 0.9, 1.0, 0.7, 0.8, 1.0, 1.0, 1.0, 0.5, 1.0, 0.5, 1.0, 0.4, 0.4, 1.0, 1.0, 0.6, 0.3, 0.7, 0.8, 1.0, 0.7, 0.4, 1.0, 1.0, 1.0, 1.0, 0.9, 0.7, 0.7, 0.7, 0.8, 1.0, 0.9, 0.9, 1.0, 0.4, 1.0, 0.5]","[0, 1, 10, 10, 0, 0, 10, 0, 10, 0, 10, 10, 0, 10, 10, 10, 0, 10, 10, 10, 0, 10, 0, 0, 10, 10, 10, 10, 10, 0, 10, 0, 10, 10, 10, 6, 0, 10, 10, 10, 10, 0, 10, 10, 10, 10, 10, 0, 10, 0, 0, 10, 6, 10, 10, 0, 10, 10]",6.6,12.07%,18.0,31.03%
codet5p-220m_sufu__test(2025-06-29_23-21-14/120),36.21%,21.0,58.0,"[0, 1, 4, 5, 7, 9, 12, 16, 20, 22, 23, 29, 31, 32, 36, 41, 47, 49, 50, 52, 55]",78.79%,457.0,580.0,"[0, 1, 2, 3, 4, 5, 6, 7, 8, 9, 10, 11, 12, 13, 14, 15, 16, 17, 18, 19, 20, 21, 22, 23, 24, 25, 26, 27, 28, 29, 30, 31, 32, 33, 34, 35, 36, 37, 38, 39, 40, 41, 42, 43, 44, 45, 46, 47, 48, 49, 50, 51, 52, 53, 54, 55, 56, 57]","[0.5, 0.8, 1.0, 1.0, 0.4, 0.5, 1.0, 0.4, 1.0, 0.7, 1.0, 1.0, 0.4, 1.0, 1.0, 1.0, 0.2, 1.0, 1.0, 0.9, 0.6, 1.0, 0.7, 0.7, 1.0, 1.0, 1.0, 0.9, 1.0, 0.7, 1.0, 0.3, 0.5, 1.0, 1.0, 0.5, 0.4, 0.6, 0.3, 1.0, 0.7, 0.7, 1.0, 1.0, 1.0, 1.0, 1.0, 0.8, 1.0, 0.7, 0.7, 1.0, 0.9, 0.7, 1.0, 0.3, 1.0, 0.2]","[0, 0, 10, 10, 0, 0, 10, 0, 10, 0, 10, 10, 0, 10, 10, 10, 0, 10, 10, 10, 0, 10, 0, 1, 10, 10, 10, 10, 10, 0, 10, 0, 2, 10, 10, 10, 0, 10, 10, 10, 10, 0, 10, 10, 10, 10, 10, 0, 10, 0, 0, 10, 0, 10, 10, 0, 10, 10]",6.43,13.45%,19.0,32.76%
codet5p-770m_sufu__test(2025-06-29_23-21-14/20),32.76%,19.0,58.0,"[0, 4, 5, 7, 9, 12, 16, 20, 22, 23, 29, 31, 36, 41, 47, 49, 50, 52, 55]",83.62%,485.0,580.0,"[0, 1, 2, 3, 4, 5, 6, 7, 8, 9, 10, 11, 12, 13, 14, 15, 16, 17, 18, 19, 20, 21, 22, 23, 24, 25, 26, 27, 28, 29, 30, 31, 32, 33, 34, 35, 36, 37, 38, 39, 40, 41, 42, 43, 44, 45, 46, 47, 48, 49, 50, 51, 52, 53, 54, 55, 56, 57]","[0.4, 0.8, 0.9, 1.0, 0.9, 0.8, 1.0, 0.3, 0.9, 0.6, 1.0, 1.0, 0.4, 1.0, 1.0, 1.0, 0.6, 1.0, 1.0, 0.6, 0.8, 1.0, 0.9, 0.6, 0.9, 1.0, 1.0, 0.6, 1.0, 0.9, 1.0, 0.4, 1.0, 1.0, 1.0, 0.7, 0.9, 0.7, 0.8, 1.0, 0.9, 0.8, 1.0, 1.0, 0.8, 0.6, 1.0, 0.7, 0.9, 0.3, 0.7, 1.0, 0.7, 1.0, 1.0, 0.9, 0.8, 1.0]","[0, 10, 10, 10, 0, 0, 10, 2, 10, 3, 10, 10, 3, 10, 10, 10, 1, 10, 10, 10, 0, 10, 1, 0, 10, 10, 10, 10, 10, 0, 10, 0, 10, 10, 10, 10, 0, 10, 10, 10, 10, 0, 10, 10, 10, 10, 10, 0, 10, 0, 0, 10, 0, 10, 10, 0, 10, 10]",6.9,6.21%,14.0,24.14%
codet5p-770m_sufu__test(2025-06-29_23-21-14/40),24.14%,14.0,58.0,"[0, 1, 7, 9, 13, 16, 20, 23, 29, 31, 32, 44, 52, 55]",87.59%,508.0,580.0,"[1, 2, 3, 4, 5, 6, 7, 8, 9, 10, 11, 12, 13, 14, 15, 16, 17, 18, 19, 20, 21, 22, 23, 24, 25, 26, 27, 28, 29, 30, 31, 32, 33, 34, 35, 36, 37, 38, 39, 40, 41, 42, 43, 44, 45, 46, 47, 48, 49, 50, 51, 52, 53, 54, 55, 56, 57]","[0.0, 0.7, 0.7, 1.0, 1.0, 1.0, 1.0, 0.5, 1.0, 0.7, 1.0, 1.0, 1.0, 0.8, 1.0, 1.0, 0.5, 1.0, 1.0, 0.9, 0.9, 1.0, 1.0, 0.7, 1.0, 1.0, 1.0, 0.9, 1.0, 0.6, 1.0, 0.7, 0.7, 1.0, 1.0, 0.7, 1.0, 0.8, 0.8, 1.0, 1.0, 1.0, 1.0, 1.0, 0.4, 1.0, 1.0, 1.0, 0.2, 1.0, 1.0, 1.0, 0.9, 1.0, 1.0, 0.8, 1.0, 0.9]","[0, 2, 10, 10, 10, 10, 10, 0, 10, 0, 10, 10, 10, 5, 10, 10, 0, 10, 10, 10, 1, 10, 10, 0, 10, 10, 10, 10, 10, 0, 10, 0, 2, 10, 10, 10, 10, 10, 10, 10, 10, 10, 10, 10, 1, 10, 10, 10, 10, 10, 10, 10, 2, 10, 10, 0, 10, 10]",7.81,7.24%,8.0,13.79%
codet5p-770m_sufu__test(2025-06-29_23-21-14/60),37.93%,22.0,58.0,"[0, 1, 4, 5, 7, 9, 12, 13, 16, 20, 22, 23, 29, 31, 32, 36, 41, 44, 47, 49, 52, 55]",79.14%,459.0,580.0,"[0, 1, 2, 3, 4, 5, 6, 7, 8, 9, 10, 11, 12, 13, 14, 15, 16, 17, 18, 19, 20, 21, 22, 23, 24, 25, 26, 27, 28, 29, 30, 31, 32, 33, 34, 35, 36, 37, 38, 39, 40, 41, 42, 43, 44, 45, 46, 47, 48, 49, 50, 51, 52, 53, 54, 55, 56, 57]","[0.2, 0.7, 0.9, 1.0, 0.5, 0.6, 1.0, 0.4, 0.8, 0.7, 1.0, 1.0, 0.2, 0.9, 1.0, 1.0, 0.4, 0.9, 1.0, 1.0, 0.9, 1.0, 0.8, 0.7, 1.0, 1.0, 1.0, 1.0, 1.0, 0.8, 0.9, 0.4, 0.4, 1.0, 1.0, 0.7, 0.5, 0.7, 0.5, 1.0, 1.0, 0.7, 1.0, 1.0, 0.5, 0.8, 0.9, 0.5, 0.6, 0.5, 1.0, 1.0, 0.8, 0.7, 1.0, 0.6, 1.0, 0.8]","[0, 3, 10, 10, 0, 0, 10, 0, 10, 2, 10, 10, 0, 4, 10, 10, 0, 10, 10, 10, 1, 10, 0, 1, 10, 10, 10, 10, 10, 0, 10, 2, 4, 10, 10, 10, 0, 10, 10, 10, 10, 0, 10, 10, 0, 10, 10, 0, 10, 0, 10, 10, 1, 10, 10, 0, 10, 10]",6.52,10.17%,14.0,24.14%
codet5p-770m_sufu__test(2025-06-29_23-21-14/80),39.66%,23.0,58.0,"[0, 1, 4, 5, 7, 9, 12, 13, 16, 20, 22, 23, 29, 31, 32, 36, 41, 44, 47, 49, 50, 52, 55]",80.86%,469.0,580.0,"[0, 1, 2, 3, 4, 5, 6, 7, 8, 9, 10, 11, 12, 13, 14, 15, 16, 17, 18, 19, 20, 21, 22, 23, 24, 25, 26, 27, 28, 29, 30, 31, 32, 33, 34, 35, 36, 37, 38, 39, 40, 41, 42, 43, 44, 45, 46, 47, 48, 49, 50, 51, 52, 53, 54, 55, 56, 57]","[0.4, 0.6, 1.0, 1.0, 0.5, 0.9, 1.0, 0.5, 1.0, 0.7, 1.0, 1.0, 0.7, 0.8, 1.0, 1.0, 0.1, 1.0, 1.0, 0.9, 0.8, 1.0, 0.8, 0.8, 1.0, 0.7, 1.0, 0.9, 1.0, 0.6, 1.0, 0.8, 0.8, 0.9, 1.0, 0.8, 0.5, 0.8, 0.4, 1.0, 0.9, 0.5, 1.0, 1.0, 0.8, 0.9, 1.0, 0.8, 1.0, 0.5, 0.5, 1.0, 0.8, 0.5, 1.0, 0.7, 1.0, 0.3]","[0, 5, 10, 10, 0, 1, 10, 0, 10, 2, 10, 10, 1, 2, 10, 10, 0, 10, 10, 10, 0, 10, 0, 1, 10, 10, 10, 10, 10, 0, 10, 0, 2, 10, 10, 10, 0, 10, 10, 10, 10, 0, 10, 10, 1, 10, 10, 2, 10, 0, 0, 10, 0, 10, 10, 0, 10, 10]",6.33,12.24%,14.0,24.14%
codet5p-770m_sufu__test(2025-06-29_23-21-14/100),39.66%,23.0,58.0,"[0, 1, 4, 5, 7, 9, 12, 13, 16, 20, 22, 23, 29, 31, 32, 36, 41, 44, 47, 49, 50, 52, 55]",31.90%,185.0,580.0,"[1, 4, 5, 7, 8, 9, 12, 13, 14, 16, 17, 19, 20, 22, 23, 24, 25, 27, 29, 31, 32, 33, 34, 35, 36, 37, 38, 40, 41, 44, 45, 47, 48, 49, 50, 52, 53, 55, 56, 57]","[0.0, 0.7, 0.0, 0.0, 0.3, 0.2, 0.0, 0.2, 0.9, 0.4, 0.0, 0.0, 0.4, 0.3, 0.3, 0.0, 0.3, 1.0, 0.0, 0.2, 0.7, 0.0, 0.5, 0.5, 0.8, 1.0, 0.0, 1.0, 0.0, 0.3, 0.0, 0.6, 0.3, 0.9, 1.0, 0.6, 0.3, 0.3, 0.1, 0.0, 0.5, 0.2, 0.0, 0.0, 0.4, 0.9, 0.0, 0.5, 0.2, 0.2, 0.2, 0.0, 0.6, 0.1, 0.0, 0.4, 0.1, 0.1]","[0, 3, 10, 10, 0, 0, 10, 0, 10, 1, 10, 10, 0, 5, 10, 10, 0, 10, 10, 10, 0, 10, 0, 0, 10, 10, 10, 10, 10, 0, 10, 0, 0, 10, 10, 10, 0, 10, 10, 10, 10, 0, 10, 10, 4, 10, 10, 0, 10, 0, 0, 10, 0, 10, 10, 0, 10, 10]",6.26,15.34%,19.0,32.76%
codet5p-770m_sufu__test(2025-06-29_23-21-14/120),0.00%,0.0,58.0,[],50.00%,290.0,580.0,"[0, 1, 2, 3, 4, 5, 6, 7, 8, 9, 10, 11, 12, 13, 14, 15, 16, 17, 18, 19, 20, 21, 22, 23, 24, 25, 26, 27, 28, 29, 30, 31, 32, 33, 34, 35, 36, 37, 38, 39, 40, 41, 42, 43, 44, 45, 46, 47, 48, 49, 50, 51, 52, 53, 54, 55, 56, 57]","[0.5, 0.5, 0.5, 0.5, 0.5, 0.5, 0.5, 0.5, 0.5, 0.5, 0.5, 0.5, 0.5, 0.5, 0.5, 0.5, 0.5, 0.5, 0.5, 0.5, 0.5, 0.5, 0.5, 0.5, 0.5, 0.5, 0.5, 0.5, 0.5, 0.5, 0.5, 0.5, 0.5, 0.5, 0.5, 0.5, 0.5, 0.5, 0.5, 0.5, 0.5, 0.5, 0.5, 0.5, 0.5, 0.5, 0.5, 0.5, 0.5, 0.5, 0.5, 0.5, 0.5, 0.5, 0.5, 0.5, 0.5, 0.5]","[10, 10, 10, 10, 10, 10, 10, 10, 10, 10, 10, 10, 10, 10, 10, 10, 10, 10, 10, 10, 10, 10, 10, 10, 10, 10, 10, 10, 10, 10, 10, 10, 10, 10, 10, 10, 10, 10, 10, 10, 10, 10, 10, 10, 10, 10, 10, 10, 10, 10, 10, 10, 10, 10, 10, 10, 10, 10]",10.0,0.00%,0.0,0.00%
codet5-base_sufu__test,31.03%,18.0,58.0,"[0, 1, 4, 5, 7, 9, 16, 22, 23, 29, 31, 36, 41, 44, 47, 49, 50, 55]",86.38%,501.0,580.0,"[0, 1, 2, 3, 4, 5, 6, 7, 8, 9, 10, 11, 12, 13, 14, 15, 16, 17, 18, 19, 20, 21, 22, 23, 24, 25, 26, 27, 28, 29, 30, 31, 32, 33, 34, 35, 36, 37, 38, 39, 40, 41, 42, 43, 44, 45, 46, 47, 48, 49, 50, 51, 52, 53, 54, 55, 56, 57]","[0.6, 0.6, 1.0, 1.0, 0.8, 0.7, 1.0, 0.4, 1.0, 0.7, 1.0, 1.0, 1.0, 1.0, 1.0, 1.0, 0.4, 1.0, 1.0, 0.8, 1.0, 1.0, 0.8, 0.8, 1.0, 1.0, 1.0, 0.9, 1.0, 0.6, 1.0, 0.7, 1.0, 1.0, 1.0, 0.9, 0.9, 0.5, 0.5, 1.0, 0.9, 0.6, 1.0, 1.0, 0.8, 1.0, 1.0, 0.6, 0.8, 0.8, 0.8, 1.0, 1.0, 0.9, 1.0, 0.8, 0.9, 0.6]","[0, 7, 10, 10, 0, 0, 10, 0, 10, 0, 10, 10, 10, 10, 10, 10, 0, 10, 10, 10, 10, 10, 0, 3, 10, 10, 10, 10, 10, 0, 10, 0, 10, 10, 10, 10, 0, 10, 10, 10, 10, 0, 10, 10, 2, 10, 10, 0, 10, 4, 0, 10, 10, 10, 10, 0, 10, 10]",7.17,8.10%,14.0,24.14%
codet5p-770m_sufu__test,0.00%,0.0,58.0,[],50.00%,290.0,580.0,"[0, 1, 2, 3, 4, 5, 6, 7, 8, 9, 10, 11, 12, 13, 14, 15, 16, 17, 18, 19, 20, 21, 22, 23, 24, 25, 26, 27, 28, 29, 30, 31, 32, 33, 34, 35, 36, 37, 38, 39, 40, 41, 42, 43, 44, 45, 46, 47, 48, 49, 50, 51, 52, 53, 54, 55, 56, 57]","[0.5, 0.5, 0.5, 0.5, 0.5, 0.5, 0.5, 0.5, 0.5, 0.5, 0.5, 0.5, 0.5, 0.5, 0.5, 0.5, 0.5, 0.5, 0.5, 0.5, 0.5, 0.5, 0.5, 0.5, 0.5, 0.5, 0.5, 0.5, 0.5, 0.5, 0.5, 0.5, 0.5, 0.5, 0.5, 0.5, 0.5, 0.5, 0.5, 0.5, 0.5, 0.5, 0.5, 0.5, 0.5, 0.5, 0.5, 0.5, 0.5, 0.5, 0.5, 0.5, 0.5, 0.5, 0.5, 0.5, 0.5, 0.5]","[10, 10, 10, 10, 10, 10, 10, 10, 10, 10, 10, 10, 10, 10, 10, 10, 10, 10, 10, 10, 10, 10, 10, 10, 10, 10, 10, 10, 10, 10, 10, 10, 10, 10, 10, 10, 10, 10, 10, 10, 10, 10, 10, 10, 10, 10, 10, 10, 10, 10, 10, 10, 10, 10, 10, 10, 10, 10]",10.0,0.00%,0.0,0.00%
codet5p-220m_mbjp__test(2025-06-15_10-27-59/200),0.00%,0.0,67.0,[],7.31%,49.0,670.0,"[24, 25, 28, 30, 35, 40, 47, 51, 52, 54, 55, 58, 62, 66]","[0.0, 0.0, 0.0, 0.0, 0.0, 0.0, 0.0, 0.0, 0.0, 0.0, 0.0, 0.0, 0.0, 0.0, 0.0, 0.0, 0.0, 0.0, 0.0, 0.0, 0.0, 0.0, 0.0, 0.0, 0.7, 0.3, 0.0, 0.0, 0.4, 0.0, 0.6, 0.0, 0.0, 0.0, 0.0, 0.7, 0.0, 0.0, 0.0, 0.0, 0.2, 0.0, 0.0, 0.0, 0.0, 0.0, 0.0, 0.4, 0.0, 0.0, 0.0, 0.2, 0.3, 0.0, 0.1, 0.3, 0.0, 0.0, 0.4, 0.0, 0.0, 0.0, 0.1, 0.0, 0.0, 0.0, 0.2]","[10, 10, 10, 10, 10, 10, 10, 10, 10, 10, 10, 10, 10, 10, 10, 10, 10, 10, 10, 10, 10, 10, 10, 10, 10, 10, 10, 10, 10, 10, 10, 10, 10, 10, 10, 10, 10, 10, 10, 10, 10, 10, 10, 10, 10, 10, 10, 10, 10, 10, 10, 10, 10, 10, 10, 10, 10, 10, 10, 10, 10, 10, 10, 10, 10, 10, 10]",10.0,0.00%,0.0,0.00%
codet5p-220m_mbjp__test(2025-06-15_10-27-59/220),13.43%,9.0,67.0,"[4, 7, 8, 20, 26, 43, 44, 46, 53]",26.42%,177.0,670.0,"[2, 3, 4, 5, 8, 10, 11, 12, 16, 17, 19, 20, 21, 24, 25, 26, 27, 28, 29, 30, 32, 35, 36, 38, 41, 45, 47, 48, 51, 53, 55, 57, 60, 61, 64, 65, 66]","[0.0, 0.0, 1.0, 0.1, 0.5, 0.9, 0.0, 0.0, 0.3, 0.0, 0.1, 0.1, 0.4, 0.0, 0.0, 0.0, 0.7, 0.4, 0.0, 0.5, 0.7, 0.2, 0.0, 0.0, 0.5, 0.6, 0.5, 0.3, 0.2, 0.1, 0.4, 0.0, 0.3, 0.0, 0.0, 0.6, 0.8, 0.0, 0.1, 0.0, 0.0, 0.5, 0.0, 0.0, 0.0, 0.2, 0.0, 0.1, 0.9, 0.0, 0.0, 1.0, 0.0, 0.2, 0.0, 0.9, 0.0, 0.2, 0.0, 0.0, 0.9, 0.9, 0.0, 0.0, 0.3, 0.6, 0.7]","[10, 10, 10, 10, 1, 10, 10, 0, 7, 10, 10, 10, 10, 10, 10, 10, 10, 10, 10, 10, 2, 10, 10, 10, 10, 10, 7, 10, 10, 10, 10, 10, 10, 10, 10, 10, 10, 10, 10, 10, 10, 10, 10, 0, 3, 10, 4, 10, 10, 10, 10, 10, 10, 1, 10, 10, 10, 10, 10, 10, 10, 10, 10, 10, 10, 10, 10]",9.03,4.33%,2.0,2.99%
codet5p-220m_mbjp__test(2025-06-15_10-27-59/240),16.42%,11.0,67.0,"[4, 7, 11, 20, 22, 23, 43, 44, 46, 52, 54]",36.42%,244.0,670.0,"[0, 2, 4, 5, 8, 9, 10, 11, 12, 15, 17, 18, 20, 21, 22, 23, 24, 25, 26, 27, 29, 30, 31, 32, 35, 36, 38, 43, 44, 46, 47, 48, 49, 51, 52, 53, 54, 55, 57, 60, 61, 64, 65, 66]","[0.8, 0.0, 0.6, 0.0, 0.2, 1.0, 0.0, 0.0, 1.0, 0.6, 0.4, 0.3, 0.2, 0.0, 0.0, 0.1, 0.0, 0.1, 0.2, 0.0, 0.6, 1.0, 0.1, 0.3, 1.0, 1.0, 0.6, 0.4, 0.0, 0.8, 1.0, 0.7, 1.0, 0.0, 0.0, 0.7, 0.3, 0.0, 0.7, 0.0, 0.0, 0.0, 0.0, 0.2, 0.5, 0.0, 0.3, 1.0, 1.0, 0.1, 0.0, 0.2, 0.1, 0.6, 0.5, 1.0, 0.0, 0.6, 0.0, 0.0, 0.4, 0.9, 0.0, 0.0, 0.2, 1.0, 0.1]","[10, 10, 10, 10, 0, 10, 10, 0, 10, 10, 10, 0, 10, 10, 10, 10, 10, 10, 10, 10, 4, 10, 8, 7, 10, 10, 10, 10, 10, 10, 10, 10, 10, 10, 10, 10, 10, 10, 10, 10, 10, 10, 10, 0, 0, 10, 3, 10, 10, 10, 10, 10, 6, 10, 3, 10, 10, 10, 10, 10, 10, 10, 10, 10, 10, 10, 10]",8.82,4.78%,5.0,7.46%
codet5p-220m_mbjp__test(2025-06-15_10-27-59/260),17.91%,12.0,67.0,"[3, 4, 7, 19, 22, 26, 35, 43, 44, 46, 53, 62]",33.13%,222.0,670.0,"[2, 4, 5, 7, 8, 9, 11, 12, 13, 16, 18, 19, 20, 21, 22, 23, 24, 25, 26, 27, 30, 31, 32, 34, 35, 36, 38, 39, 41, 43, 46, 47, 48, 50, 51, 53, 54, 55, 56, 57, 59, 60, 64, 65]","[0.0, 0.0, 0.6, 0.0, 0.7, 0.5, 0.0, 0.5, 1.0, 0.1, 0.0, 0.5, 0.1, 0.1, 0.0, 0.0, 0.3, 0.0, 0.4, 0.2, 0.4, 1.0, 0.1, 0.3, 1.0, 0.3, 0.4, 0.8, 0.0, 0.0, 1.0, 1.0, 0.5, 0.0, 0.2, 0.2, 0.8, 0.0, 0.4, 0.1, 0.0, 0.5, 0.0, 0.3, 0.0, 0.0, 0.1, 0.7, 1.0, 0.0, 1.0, 0.1, 0.0, 0.2, 0.3, 1.0, 0.2, 1.0, 0.0, 0.2, 0.6, 0.0, 0.0, 0.0, 0.7, 0.8, 0.0]","[10, 10, 10, 8, 4, 10, 10, 0, 10, 10, 10, 10, 10, 10, 10, 10, 10, 10, 10, 6, 10, 10, 6, 10, 10, 10, 2, 10, 10, 10, 10, 10, 10, 10, 10, 5, 10, 10, 10, 10, 10, 10, 10, 0, 0, 10, 0, 10, 10, 10, 10, 10, 10, 1, 10, 10, 10, 10, 10, 10, 10, 10, 0, 10, 10, 10, 10]",8.69,5.37%,5.0,7.46%
codet5p-220m_mbjp__test(2025-06-15_10-27-59/280),20.90%,14.0,67.0,"[0, 3, 4, 22, 26, 27, 35, 37, 43, 44, 46, 52, 53, 62]",46.72%,313.0,670.0,"[0, 2, 3, 4, 5, 7, 8, 9, 11, 12, 13, 14, 16, 17, 19, 20, 21, 22, 23, 24, 25, 26, 27, 29, 30, 31, 32, 33, 34, 35, 36, 38, 39, 41, 43, 47, 48, 50, 51, 53, 55, 56, 57, 60, 61, 62, 63, 64, 65, 66]","[0.6, 0.0, 0.9, 0.1, 0.2, 1.0, 0.0, 1.0, 0.6, 1.0, 0.0, 1.0, 0.1, 1.0, 0.3, 0.0, 0.7, 0.2, 0.0, 0.3, 0.8, 1.0, 0.2, 0.3, 1.0, 0.8, 0.2, 0.5, 0.0, 0.6, 1.0, 0.9, 1.0, 0.4, 0.3, 0.2, 1.0, 0.0, 1.0, 0.5, 0.0, 1.0, 0.0, 0.2, 0.0, 0.0, 0.0, 1.0, 1.0, 0.0, 0.1, 0.2, 0.0, 0.2, 0.0, 1.0, 0.2, 0.8, 0.0, 0.0, 0.8, 0.3, 0.7, 1.0, 0.4, 0.7, 1.0]","[4, 10, 10, 9, 0, 10, 10, 10, 10, 10, 10, 10, 10, 10, 10, 10, 10, 10, 10, 10, 10, 10, 4, 10, 10, 10, 0, 2, 10, 10, 10, 10, 10, 10, 10, 4, 10, 1, 10, 10, 10, 10, 10, 0, 0, 10, 7, 10, 10, 10, 10, 10, 4, 0, 10, 10, 10, 10, 10, 10, 10, 10, 0, 10, 10, 10, 10]",8.43,4.63%,6.0,8.96%
codet5p-220m_mbjp__test(2025-06-15_10-27-59/300),16.42%,11.0,67.0,"[0, 4, 7, 11, 20, 22, 37, 43, 44, 46, 53]",44.93%,301.0,670.0,"[0, 1, 2, 3, 4, 5, 7, 8, 9, 10, 11, 12, 13, 14, 16, 17, 19, 20, 21, 22, 23, 24, 25, 26, 27, 28, 30, 31, 32, 33, 34, 35, 37, 38, 39, 41, 42, 43, 47, 48, 49, 50, 51, 53, 54, 55, 56, 57, 58, 60, 61, 63, 64, 65, 66]","[0.4, 0.2, 0.8, 1.0, 0.1, 1.0, 0.0, 0.3, 0.7, 0.3, 0.6, 0.4, 0.2, 1.0, 0.1, 0.0, 0.1, 0.3, 0.0, 0.3, 0.3, 1.0, 0.6, 0.5, 1.0, 1.0, 0.1, 0.9, 0.1, 0.0, 1.0, 1.0, 1.0, 0.6, 1.0, 0.3, 0.0, 0.2, 1.0, 0.6, 0.0, 0.9, 0.2, 0.2, 0.0, 0.0, 0.0, 0.5, 0.4, 0.2, 0.2, 0.3, 0.0, 0.1, 0.1, 1.0, 0.4, 1.0, 0.3, 0.0, 0.3, 0.9, 0.0, 1.0, 0.5, 1.0, 0.6]","[6, 10, 10, 10, 7, 10, 10, 0, 10, 10, 10, 4, 10, 10, 10, 10, 10, 10, 10, 10, 1, 10, 9, 10, 10, 10, 10, 10, 10, 10, 10, 10, 10, 10, 10, 10, 10, 0, 10, 10, 10, 10, 10, 0, 0, 10, 0, 10, 10, 10, 10, 10, 10, 0, 10, 10, 10, 10, 10, 10, 10, 10, 10, 10, 10, 10, 10]",8.76,5.37%,6.0,8.96%
codet5p-220m_mbjp__test(2025-06-15_10-27-59/320),13.43%,9.0,67.0,"[3, 7, 11, 23, 26, 37, 43, 44, 62]",50.45%,338.0,670.0,"[0, 1, 2, 4, 5, 7, 8, 9, 10, 11, 12, 13, 14, 15, 16, 18, 19, 21, 22, 23, 24, 25, 26, 27, 28, 29, 30, 31, 32, 33, 34, 35, 36, 37, 38, 39, 41, 43, 45, 46, 47, 48, 49, 51, 52, 53, 54, 55, 56, 57, 59, 60, 61, 64, 65, 66]","[0.7, 0.2, 0.4, 0.0, 0.2, 0.9, 0.0, 0.1, 1.0, 1.0, 0.4, 0.4, 0.1, 0.3, 0.9, 0.2, 0.4, 0.0, 0.1, 0.1, 0.0, 1.0, 0.8, 0.1, 1.0, 0.9, 0.5, 1.0, 0.2, 1.0, 0.8, 1.0, 0.7, 0.2, 1.0, 0.6, 1.0, 0.2, 1.0, 0.7, 0.0, 0.7, 0.0, 0.3, 0.0, 0.1, 0.2, 0.7, 1.0, 0.3, 0.0, 0.6, 0.2, 0.8, 0.3, 1.0, 1.0, 0.6, 0.0, 0.8, 0.6, 1.0, 0.0, 0.0, 1.0, 0.5, 1.0]","[10, 10, 10, 1, 10, 10, 10, 0, 10, 10, 10, 0, 10, 10, 10, 10, 10, 10, 10, 10, 10, 10, 10, 3, 10, 10, 0, 10, 10, 10, 10, 10, 10, 10, 10, 10, 10, 4, 10, 10, 10, 10, 10, 0, 0, 10, 10, 10, 10, 10, 10, 10, 10, 10, 10, 10, 10, 10, 10, 10, 10, 10, 2, 10, 10, 10, 10]",8.81,4.03%,5.0,7.46%
codet5p-220m_mbjp__test(2025-06-15_10-27-59/340),19.40%,13.0,67.0,"[7, 11, 22, 23, 26, 33, 35, 37, 43, 44, 46, 54, 62]",47.76%,320.0,670.0,"[0, 1, 2, 3, 4, 5, 7, 8, 9, 10, 11, 12, 13, 15, 16, 17, 18, 19, 20, 21, 22, 23, 24, 25, 26, 27, 28, 30, 31, 32, 33, 34, 35, 36, 37, 38, 39, 41, 42, 43, 47, 48, 51, 52, 53, 55, 57, 58, 60, 61, 64, 65]","[0.3, 0.2, 0.5, 0.5, 0.5, 1.0, 0.0, 0.2, 0.9, 0.6, 0.5, 0.7, 0.4, 1.0, 0.0, 0.2, 1.0, 0.1, 0.3, 0.2, 0.6, 1.0, 0.1, 0.1, 1.0, 1.0, 0.6, 1.0, 0.3, 0.0, 1.0, 1.0, 1.0, 0.2, 0.6, 0.7, 1.0, 0.1, 1.0, 0.5, 0.0, 0.3, 0.1, 0.5, 0.0, 0.0, 0.0, 1.0, 1.0, 0.0, 0.0, 0.9, 0.3, 0.6, 0.0, 1.0, 0.0, 1.0, 0.5, 0.0, 0.6, 1.0, 0.0, 0.0, 0.4, 0.9, 0.0]","[10, 10, 10, 10, 10, 10, 10, 0, 10, 10, 10, 5, 10, 10, 10, 10, 10, 10, 10, 10, 10, 10, 4, 7, 10, 10, 3, 10, 10, 10, 10, 10, 10, 1, 10, 3, 10, 2, 10, 10, 10, 10, 10, 0, 5, 10, 1, 10, 10, 10, 10, 10, 10, 10, 5, 10, 10, 10, 10, 10, 10, 10, 0, 10, 10, 10, 10]",8.6,4.78%,3.0,4.48%
codet5p-220m_mbjp__test(2025-06-15_10-27-59/360),13.43%,9.0,67.0,"[4, 7, 10, 23, 37, 43, 44, 53, 65]",43.43%,291.0,670.0,"[0, 2, 3, 4, 5, 8, 9, 10, 11, 12, 13, 14, 15, 16, 17, 19, 20, 21, 22, 23, 24, 25, 26, 27, 28, 29, 30, 31, 32, 35, 36, 37, 38, 39, 40, 41, 43, 44, 45, 46, 48, 51, 53, 54, 55, 57, 60, 61, 62, 63, 64, 65]","[0.4, 0.0, 0.7, 0.2, 0.1, 1.0, 0.0, 0.0, 1.0, 0.6, 0.2, 0.4, 0.4, 1.0, 0.4, 0.1, 0.5, 0.3, 0.0, 0.1, 0.4, 1.0, 0.3, 0.3, 1.0, 0.4, 0.8, 0.8, 0.1, 0.8, 1.0, 0.6, 1.0, 0.0, 0.0, 0.7, 1.0, 0.3, 1.0, 0.5, 0.7, 0.6, 0.0, 0.7, 0.1, 0.2, 0.9, 0.0, 0.9, 0.0, 0.0, 0.5, 0.0, 0.1, 0.1, 1.0, 0.0, 0.4, 0.0, 0.0, 0.6, 1.0, 0.2, 0.2, 0.7, 0.8, 0.0]","[10, 10, 10, 10, 4, 10, 10, 0, 10, 10, 7, 10, 10, 10, 10, 10, 10, 10, 10, 10, 10, 10, 10, 2, 10, 10, 10, 10, 10, 10, 10, 10, 10, 10, 10, 10, 10, 1, 10, 10, 10, 10, 10, 0, 0, 10, 10, 10, 10, 10, 10, 10, 10, 0, 10, 10, 10, 10, 10, 10, 10, 10, 10, 10, 10, 0, 10]",8.87,3.73%,5.0,7.46%
codet5p-220m_mbjp__test(2025-06-15_10-27-59/380),14.93%,10.0,67.0,"[4, 7, 11, 35, 37, 43, 44, 46, 53, 62]",47.61%,319.0,670.0,"[0, 2, 3, 4, 5, 7, 8, 9, 10, 11, 12, 14, 17, 18, 20, 21, 22, 24, 25, 26, 27, 29, 30, 32, 34, 35, 36, 37, 38, 39, 40, 41, 43, 46, 47, 48, 50, 51, 52, 53, 54, 55, 56, 57, 59, 60, 61, 63, 65, 66]","[0.6, 0.0, 0.9, 0.6, 0.4, 0.7, 0.0, 0.6, 0.4, 1.0, 0.3, 0.4, 0.6, 0.0, 0.1, 0.0, 0.0, 0.2, 0.3, 0.0, 1.0, 1.0, 0.2, 0.0, 1.0, 1.0, 0.4, 1.0, 0.0, 0.9, 0.9, 0.0, 1.0, 0.0, 0.3, 0.6, 1.0, 0.5, 1.0, 0.5, 0.2, 0.7, 0.0, 0.3, 0.0, 0.0, 0.3, 1.0, 1.0, 0.0, 0.8, 0.1, 0.6, 0.4, 0.3, 1.0, 0.8, 1.0, 0.0, 0.4, 0.4, 1.0, 0.0, 1.0, 0.0, 0.9, 0.3]","[10, 10, 10, 10, 5, 10, 10, 0, 10, 10, 10, 0, 10, 10, 10, 10, 10, 10, 10, 10, 10, 10, 10, 10, 10, 10, 10, 10, 10, 10, 10, 10, 10, 10, 10, 5, 10, 2, 10, 10, 10, 10, 10, 0, 0, 10, 0, 10, 10, 10, 10, 10, 10, 0, 10, 10, 10, 10, 10, 10, 10, 10, 0, 10, 10, 10, 10]",8.69,5.07%,7.0,10.45%
codet5p-220m_mbjp__test(2025-06-15_10-27-59/400),13.43%,9.0,67.0,"[7, 11, 20, 22, 43, 44, 46, 53, 65]",51.04%,342.0,670.0,"[0, 2, 3, 4, 5, 7, 9, 10, 11, 12, 14, 15, 17, 19, 21, 22, 23, 24, 25, 26, 27, 28, 29, 30, 31, 32, 34, 35, 36, 37, 38, 39, 40, 41, 43, 44, 45, 46, 47, 48, 49, 51, 53, 54, 55, 56, 57, 59, 60, 61, 63, 64, 65, 66]","[1.0, 0.0, 1.0, 0.1, 0.7, 0.8, 0.0, 0.1, 0.0, 1.0, 0.7, 0.6, 0.5, 0.0, 0.5, 0.4, 0.0, 0.8, 0.0, 0.1, 0.0, 1.0, 0.1, 0.5, 1.0, 0.3, 0.3, 1.0, 0.2, 0.8, 1.0, 1.0, 1.0, 0.0, 0.6, 0.9, 1.0, 0.3, 1.0, 0.3, 0.3, 0.4, 0.0, 0.2, 0.1, 0.6, 0.6, 1.0, 1.0, 0.1, 0.0, 1.0, 0.0, 0.4, 0.4, 1.0, 0.1, 1.0, 0.0, 0.7, 0.8, 0.8, 0.0, 1.0, 0.7, 0.7, 0.7]","[10, 10, 10, 10, 10, 10, 10, 0, 10, 10, 10, 0, 10, 10, 10, 10, 10, 10, 10, 10, 0, 10, 5, 10, 10, 10, 10, 10, 10, 10, 10, 10, 10, 10, 10, 10, 10, 10, 10, 10, 10, 10, 10, 0, 0, 10, 1, 10, 10, 10, 10, 10, 10, 1, 10, 10, 10, 10, 10, 10, 10, 10, 10, 10, 10, 3, 10]",8.81,3.43%,5.0,7.46%
codet5p-220m_mbjp__test(2025-06-15_10-27-59/420),14.93%,10.0,67.0,"[0, 7, 11, 22, 23, 26, 37, 43, 44, 46]",44.93%,301.0,670.0,"[0, 1, 2, 3, 4, 5, 9, 10, 11, 12, 14, 16, 18, 20, 21, 22, 24, 25, 26, 27, 29, 30, 31, 32, 33, 35, 36, 38, 39, 41, 43, 45, 46, 47, 48, 49, 51, 52, 53, 54, 55, 56, 57, 58, 59, 60, 61, 64, 65]","[0.3, 0.1, 1.0, 0.9, 0.4, 1.0, 0.0, 0.0, 0.0, 1.0, 0.2, 0.2, 0.1, 0.0, 0.2, 0.0, 0.3, 0.0, 0.6, 0.0, 0.9, 1.0, 0.4, 0.0, 1.0, 1.0, 0.2, 1.0, 0.0, 0.6, 1.0, 0.7, 1.0, 0.4, 0.0, 0.7, 0.6, 0.0, 1.0, 0.6, 0.0, 1.0, 0.0, 0.4, 0.0, 0.2, 0.4, 0.9, 1.0, 0.2, 0.0, 0.6, 0.1, 0.5, 0.2, 1.0, 0.5, 1.0, 0.2, 1.0, 0.5, 0.7, 0.0, 0.0, 0.5, 0.8, 0.0]","[0, 10, 10, 10, 10, 10, 10, 0, 10, 10, 10, 2, 10, 10, 10, 10, 10, 10, 10, 10, 10, 10, 7, 0, 10, 10, 9, 10, 10, 10, 10, 10, 10, 10, 10, 10, 10, 5, 10, 10, 10, 10, 10, 0, 0, 10, 2, 10, 10, 10, 10, 10, 10, 10, 10, 10, 10, 10, 10, 10, 10, 10, 10, 10, 10, 10, 10]",8.88,5.37%,5.0,7.46%
codet5p-220m_mbjp__test(2025-06-15_10-27-59/440),20.90%,14.0,67.0,"[0, 3, 7, 11, 19, 20, 23, 26, 37, 43, 44, 46, 53, 62]",41.64%,279.0,670.0,"[0, 1, 2, 3, 4, 5, 9, 10, 11, 12, 13, 16, 18, 19, 20, 21, 22, 23, 24, 25, 26, 27, 28, 29, 30, 31, 32, 33, 35, 36, 38, 39, 41, 43, 45, 46, 47, 48, 50, 51, 52, 53, 54, 55, 57, 58, 59, 60, 61, 64, 65]","[0.4, 0.4, 1.0, 0.4, 0.5, 0.8, 0.0, 0.0, 0.0, 0.2, 0.2, 0.5, 0.2, 1.0, 0.0, 0.0, 0.3, 0.0, 0.1, 0.2, 0.4, 0.5, 0.1, 0.1, 1.0, 1.0, 0.5, 1.0, 0.1, 0.5, 1.0, 0.4, 0.9, 0.2, 0.0, 0.7, 1.0, 0.0, 0.8, 0.6, 0.0, 0.7, 0.0, 0.4, 0.0, 0.5, 0.2, 0.8, 1.0, 0.0, 0.1, 0.1, 0.3, 0.2, 0.9, 1.0, 0.0, 1.0, 1.0, 0.1, 0.2, 1.0, 0.0, 0.0, 0.4, 1.0, 0.0]","[4, 10, 10, 2, 10, 10, 10, 5, 10, 10, 10, 0, 10, 10, 10, 10, 10, 10, 10, 6, 4, 10, 10, 1, 10, 10, 3, 10, 10, 10, 10, 10, 10, 10, 10, 10, 10, 5, 10, 10, 10, 10, 10, 0, 0, 10, 0, 10, 10, 10, 10, 10, 10, 0, 10, 10, 10, 10, 10, 10, 10, 10, 0, 10, 10, 10, 10]",8.36,5.82%,6.0,8.96%
codet5-base_mbjp__test(2025-07-02_15-48-24/50),20.90%,14.0,67.0,"[4, 6, 7, 11, 18, 19, 20, 26, 33, 37, 40, 43, 53, 62]",35.52%,238.0,670.0,"[0, 2, 3, 5, 7, 8, 9, 12, 14, 16, 18, 20, 21, 22, 23, 24, 25, 26, 27, 29, 30, 31, 33, 35, 36, 37, 38, 41, 42, 43, 45, 46, 47, 48, 51, 52, 53, 54, 55, 56, 57, 59, 60, 61, 62, 64, 65, 66]","[0.3, 0.0, 0.7, 0.4, 0.0, 1.0, 0.0, 0.1, 0.1, 0.4, 0.0, 0.0, 0.6, 0.0, 0.3, 0.0, 0.9, 0.0, 0.1, 0.0, 0.7, 0.4, 0.9, 0.9, 1.0, 0.6, 0.2, 0.5, 0.0, 0.9, 0.9, 0.1, 0.0, 0.1, 0.0, 0.8, 1.0, 0.1, 0.1, 0.0, 0.0, 0.8, 0.1, 0.2, 0.0, 0.1, 0.1, 0.8, 0.2, 0.0, 0.0, 0.1, 0.1, 0.7, 0.4, 1.0, 0.1, 1.0, 0.0, 0.1, 1.0, 1.0, 0.1, 0.0, 0.3, 0.7, 0.8]","[10, 10, 10, 10, 0, 10, 0, 3, 10, 10, 10, 0, 10, 10, 10, 10, 10, 10, 2, 1, 3, 10, 10, 10, 10, 10, 0, 10, 10, 10, 10, 10, 10, 1, 10, 10, 10, 5, 10, 10, 0, 10, 10, 0, 10, 10, 10, 10, 10, 10, 10, 10, 10, 4, 10, 10, 10, 10, 10, 10, 10, 10, 0, 10, 10, 10, 10]",8.19,8.66%,7.0,10.45%
codet5-base_mbjp__test(2025-07-02_15-48-24/60),14.93%,10.0,67.0,"[4, 6, 7, 22, 26, 27, 35, 37, 40, 43]",41.64%,279.0,670.0,"[0, 2, 3, 4, 5, 6, 8, 9, 12, 14, 16, 17, 18, 20, 21, 22, 23, 24, 25, 26, 27, 28, 29, 30, 31, 32, 33, 35, 36, 38, 40, 41, 43, 45, 46, 47, 48, 49, 51, 52, 53, 54, 55, 57, 59, 60, 61, 62, 64, 65, 66]","[0.6, 0.0, 0.9, 0.5, 0.4, 1.0, 0.4, 0.0, 1.0, 0.4, 0.0, 0.0, 0.6, 0.0, 0.1, 0.0, 0.2, 0.7, 1.0, 0.0, 0.9, 0.5, 0.5, 0.5, 1.0, 1.0, 0.2, 0.3, 0.2, 0.6, 1.0, 0.2, 0.7, 0.1, 0.0, 0.6, 1.0, 0.0, 0.8, 0.0, 0.1, 1.0, 0.0, 0.1, 0.0, 0.5, 0.3, 0.8, 0.2, 0.5, 0.0, 0.6, 0.3, 0.2, 0.4, 1.0, 0.0, 0.3, 0.0, 0.3, 0.2, 0.4, 0.7, 0.0, 0.5, 0.7, 0.9]","[10, 10, 10, 10, 5, 10, 0, 1, 10, 10, 10, 10, 10, 10, 10, 10, 10, 10, 10, 10, 10, 10, 6, 10, 10, 10, 0, 0, 10, 10, 10, 10, 10, 10, 10, 0, 10, 1, 10, 10, 0, 10, 10, 0, 10, 10, 10, 10, 10, 10, 10, 10, 10, 10, 10, 10, 10, 10, 10, 10, 10, 10, 10, 10, 10, 10, 10]",8.7,4.78%,6.0,8.96%
codet5-base_mbjp__test(2025-07-02_15-48-24/70),19.40%,13.0,67.0,"[3, 6, 7, 9, 11, 17, 26, 40, 43, 44, 46, 53, 63]",40.30%,270.0,670.0,"[0, 1, 2, 3, 5, 7, 8, 9, 10, 11, 12, 13, 15, 16, 18, 19, 20, 21, 22, 23, 24, 25, 26, 27, 28, 30, 31, 32, 33, 34, 35, 36, 38, 41, 43, 45, 48, 50, 51, 52, 53, 54, 55, 57, 59, 60, 61, 62, 64, 65, 66]","[0.9, 0.2, 1.0, 0.1, 0.0, 0.6, 0.0, 0.5, 0.5, 0.8, 0.3, 0.8, 0.2, 0.2, 0.0, 0.1, 0.9, 0.0, 0.6, 0.1, 1.0, 0.3, 0.2, 0.1, 1.0, 0.8, 0.2, 0.7, 0.3, 0.0, 0.9, 1.0, 0.2, 0.4, 0.1, 0.8, 1.0, 0.0, 1.0, 0.0, 0.0, 0.6, 0.0, 0.2, 0.0, 0.4, 0.0, 0.0, 0.9, 0.0, 0.4, 0.4, 0.6, 0.1, 0.1, 1.0, 0.0, 0.9, 0.0, 0.3, 0.5, 0.6, 0.1, 0.0, 0.6, 1.0, 0.5]","[10, 10, 10, 9, 10, 10, 1, 0, 10, 1, 10, 1, 10, 10, 10, 10, 10, 8, 10, 10, 10, 10, 10, 10, 10, 10, 2, 10, 10, 10, 10, 10, 10, 10, 10, 10, 10, 10, 10, 10, 0, 10, 10, 0, 6, 10, 3, 10, 10, 10, 10, 10, 10, 3, 10, 10, 10, 10, 10, 10, 10, 10, 10, 0, 10, 10, 10]",8.57,6.12%,4.0,5.97%
codet5-base_mbjp__test(2025-07-02_15-48-24/80),19.40%,13.0,67.0,"[4, 6, 7, 11, 23, 25, 26, 33, 40, 43, 46, 53, 63]",40.60%,272.0,670.0,"[1, 2, 3, 6, 8, 9, 10, 11, 12, 14, 16, 18, 20, 21, 22, 23, 24, 25, 26, 27, 28, 30, 31, 32, 35, 36, 37, 38, 39, 41, 42, 43, 44, 46, 47, 48, 50, 51, 52, 53, 54, 55, 56, 57, 58, 59, 60, 61, 62, 63, 64, 65, 66]","[0.0, 0.1, 0.6, 1.0, 0.0, 0.0, 0.4, 0.0, 0.5, 0.4, 0.3, 0.3, 0.1, 0.0, 0.6, 0.0, 0.4, 0.0, 0.4, 0.0, 0.8, 0.1, 0.6, 0.3, 0.4, 0.6, 0.8, 0.3, 0.7, 0.0, 1.0, 0.3, 0.3, 0.0, 0.0, 0.9, 1.0, 0.2, 1.0, 0.8, 0.0, 0.9, 0.3, 0.2, 0.2, 0.0, 0.2, 0.2, 1.0, 0.0, 0.8, 0.6, 0.2, 0.6, 0.3, 1.0, 0.6, 0.1, 0.2, 0.9, 1.0, 1.0, 0.3, 0.2, 0.5, 0.6, 0.1]","[10, 10, 10, 10, 0, 10, 0, 0, 10, 10, 10, 4, 10, 10, 10, 10, 10, 10, 10, 10, 10, 10, 10, 0, 10, 3, 6, 10, 10, 10, 10, 10, 10, 8, 10, 10, 10, 10, 10, 10, 1, 10, 10, 0, 10, 10, 6, 10, 10, 10, 10, 10, 10, 9, 10, 10, 10, 10, 10, 10, 10, 10, 10, 0, 10, 10, 10]",8.61,4.63%,6.0,8.96%
codet5-base_mbjp__test(2025-07-02_15-48-24/90),14.93%,10.0,67.0,"[4, 6, 7, 18, 35, 37, 40, 43, 44, 63]",54.93%,368.0,670.0,"[0, 1, 2, 3, 4, 5, 6, 8, 9, 10, 11, 12, 13, 14, 15, 16, 17, 18, 19, 20, 21, 22, 23, 24, 25, 26, 27, 28, 29, 30, 31, 32, 33, 34, 35, 36, 38, 39, 42, 43, 44, 45, 46, 47, 48, 49, 50, 51, 52, 53, 54, 55, 56, 57, 58, 59, 60, 61, 62, 64, 65, 66]","[0.3, 0.2, 0.9, 1.0, 0.7, 0.4, 0.3, 0.0, 0.6, 1.0, 0.4, 0.9, 0.2, 0.1, 0.2, 0.3, 0.3, 0.5, 0.4, 0.7, 0.9, 1.0, 0.6, 0.6, 1.0, 1.0, 0.6, 1.0, 0.1, 0.3, 1.0, 0.9, 0.8, 0.4, 1.0, 0.6, 1.0, 0.0, 1.0, 0.7, 0.0, 0.0, 1.0, 0.2, 0.4, 1.0, 0.5, 0.4, 0.5, 0.2, 0.4, 0.1, 0.3, 0.4, 0.8, 1.0, 0.1, 0.9, 0.1, 0.2, 0.6, 1.0, 0.7, 0.0, 0.5, 0.9, 0.7]","[10, 10, 10, 10, 8, 10, 0, 0, 10, 10, 10, 10, 10, 10, 10, 10, 10, 10, 5, 10, 10, 10, 10, 10, 10, 10, 10, 10, 10, 10, 10, 10, 10, 10, 10, 8, 10, 9, 10, 10, 0, 10, 10, 0, 2, 10, 10, 10, 10, 10, 10, 10, 10, 10, 10, 10, 10, 10, 10, 10, 10, 10, 10, 0, 10, 10, 10]",8.99,4.48%,5.0,7.46%
codet5-base_mbjp__test(2025-07-02_15-48-24/100),13.43%,9.0,67.0,"[4, 6, 7, 23, 26, 40, 43, 53, 63]",59.40%,398.0,670.0,"[0, 1, 2, 4, 5, 6, 7, 8, 9, 10, 11, 12, 13, 14, 15, 16, 17, 18, 20, 21, 22, 23, 24, 26, 28, 29, 30, 31, 33, 34, 35, 36, 37, 38, 39, 41, 42, 43, 44, 45, 46, 47, 48, 49, 51, 52, 53, 54, 55, 56, 57, 58, 59, 60, 61, 62, 64, 65, 66]","[0.7, 1.0, 1.0, 0.0, 0.6, 1.0, 0.4, 0.2, 1.0, 0.3, 0.7, 0.4, 1.0, 0.1, 0.4, 1.0, 0.2, 0.4, 1.0, 0.0, 1.0, 0.7, 0.6, 0.8, 1.0, 0.0, 0.5, 0.0, 0.2, 0.4, 1.0, 0.8, 0.0, 0.9, 0.1, 0.7, 1.0, 0.6, 1.0, 0.6, 0.0, 0.6, 0.4, 0.9, 1.0, 0.2, 0.8, 1.0, 0.8, 0.7, 0.0, 1.0, 0.3, 0.1, 1.0, 0.8, 0.9, 1.0, 0.3, 0.9, 0.5, 1.0, 0.3, 0.0, 0.1, 1.0, 0.9]","[10, 10, 10, 10, 2, 10, 2, 0, 10, 10, 10, 10, 10, 10, 10, 10, 10, 10, 10, 10, 10, 10, 10, 0, 10, 10, 2, 10, 10, 10, 10, 10, 10, 10, 10, 10, 10, 10, 10, 10, 0, 10, 10, 2, 10, 10, 10, 10, 10, 10, 10, 10, 10, 0, 10, 10, 10, 10, 10, 10, 10, 10, 10, 0, 10, 10, 10]",8.78,4.33%,5.0,7.46%
codet5p-220m_mbjp__test(2025-07-03_21-28-26/200),1.49%,1.0,67.0,[7],90.75%,608.0,670.0,"[0, 1, 2, 3, 4, 5, 6, 8, 9, 10, 11, 12, 13, 14, 15, 16, 17, 18, 19, 20, 21, 22, 23, 24, 25, 26, 27, 28, 29, 30, 31, 32, 33, 34, 35, 36, 37, 38, 39, 40, 41, 42, 43, 44, 45, 46, 47, 48, 49, 50, 51, 52, 53, 54, 55, 56, 57, 58, 59, 60, 61, 62, 63, 64, 65]","[0.3, 1.0, 1.0, 0.9, 1.0, 1.0, 1.0, 0.0, 1.0, 1.0, 0.1, 1.0, 1.0, 1.0, 1.0, 1.0, 1.0, 1.0, 1.0, 0.9, 1.0, 1.0, 0.9, 1.0, 1.0, 1.0, 1.0, 1.0, 1.0, 0.5, 1.0, 1.0, 1.0, 1.0, 1.0, 1.0, 1.0, 1.0, 1.0, 1.0, 1.0, 1.0, 1.0, 1.0, 1.0, 1.0, 1.0, 1.0, 1.0, 0.5, 1.0, 1.0, 0.6, 0.1, 1.0, 1.0, 1.0, 1.0, 1.0, 1.0, 1.0, 1.0, 1.0, 1.0, 1.0, 1.0, 0.0]","[10, 10, 10, 10, 10, 10, 10, 4, 10, 10, 10, 10, 10, 10, 10, 10, 10, 10, 10, 10, 10, 10, 10, 10, 10, 10, 10, 10, 10, 10, 10, 10, 10, 10, 10, 10, 10, 10, 10, 10, 10, 10, 10, 10, 10, 10, 10, 10, 10, 10, 10, 10, 10, 10, 10, 10, 10, 10, 10, 10, 10, 10, 10, 10, 10, 10, 10]",9.91,0.45%,0.0,0.00%
codet5p-220m_mbjp__test(2025-07-03_21-28-26/220),17.91%,12.0,67.0,"[6, 7, 20, 22, 23, 35, 37, 43, 44, 53, 62, 63]",32.24%,216.0,670.0,"[0, 2, 3, 4, 5, 6, 8, 11, 14, 15, 16, 18, 20, 21, 22, 24, 25, 26, 28, 29, 30, 31, 32, 33, 34, 35, 36, 37, 39, 41, 43, 44, 46, 47, 48, 52, 54, 55, 57, 58, 59, 60, 61, 64, 65]","[0.2, 0.0, 0.8, 0.9, 0.1, 0.8, 0.1, 0.0, 0.1, 0.0, 0.0, 0.4, 0.0, 0.0, 0.1, 0.2, 0.3, 0.0, 0.1, 0.0, 0.1, 0.7, 0.1, 0.0, 1.0, 0.2, 0.3, 0.0, 0.2, 0.3, 0.7, 1.0, 1.0, 0.1, 0.1, 0.4, 1.0, 0.1, 0.0, 0.6, 0.0, 0.4, 0.0, 0.4, 0.5, 0.0, 0.8, 0.3, 1.0, 0.0, 0.0, 0.0, 0.4, 0.0, 0.5, 0.6, 0.0, 1.0, 1.0, 0.3, 0.1, 0.7, 0.0, 0.0, 0.8, 0.8, 0.0]","[10, 10, 10, 10, 10, 10, 9, 0, 10, 10, 10, 10, 10, 10, 10, 10, 10, 10, 10, 10, 0, 10, 9, 5, 10, 10, 10, 10, 10, 10, 10, 10, 10, 10, 10, 1, 10, 2, 10, 10, 10, 10, 10, 0, 0, 10, 10, 10, 10, 10, 10, 10, 10, 1, 10, 10, 10, 10, 10, 10, 10, 10, 0, 0, 10, 10, 10]",8.61,6.42%,6.0,8.96%
codet5p-220m_mbjp__test(2025-07-03_21-28-26/240),19.40%,13.0,67.0,"[3, 4, 7, 22, 23, 26, 27, 43, 44, 46, 53, 62, 63]",33.13%,222.0,670.0,"[0, 3, 4, 5, 8, 9, 10, 11, 12, 15, 17, 19, 20, 21, 22, 23, 24, 25, 26, 27, 28, 29, 30, 31, 32, 35, 37, 38, 39, 41, 43, 44, 45, 46, 47, 48, 49, 50, 51, 52, 53, 54, 55, 56, 57, 58, 60, 61, 64, 65, 66]","[0.6, 0.0, 0.0, 0.3, 0.1, 0.8, 0.0, 0.0, 0.1, 1.0, 0.2, 0.6, 0.1, 0.0, 0.0, 0.1, 0.0, 0.1, 0.0, 0.9, 0.9, 0.2, 0.1, 0.2, 1.0, 0.3, 0.2, 0.1, 0.1, 0.9, 0.5, 0.5, 0.5, 0.0, 0.0, 0.7, 0.0, 0.1, 0.5, 0.7, 0.0, 0.6, 0.0, 0.2, 0.3, 0.2, 0.3, 0.3, 0.5, 0.2, 0.4, 0.1, 0.5, 0.6, 0.1, 1.0, 1.0, 1.0, 0.2, 0.0, 0.1, 0.7, 0.0, 0.0, 0.1, 0.5, 0.9]","[10, 10, 10, 0, 0, 10, 10, 0, 10, 10, 10, 10, 10, 10, 10, 10, 10, 10, 10, 10, 10, 10, 6, 5, 10, 10, 7, 0, 10, 10, 10, 10, 10, 10, 10, 10, 10, 10, 10, 10, 10, 10, 10, 0, 0, 10, 0, 10, 10, 10, 10, 10, 10, 5, 10, 10, 10, 10, 10, 10, 10, 10, 0, 0, 10, 10, 10]",8.4,7.61%,9.0,13.43%
codet5p-220m_mbjp__test(2025-07-03_21-28-26/260),23.88%,16.0,67.0,"[0, 3, 6, 7, 20, 23, 26, 27, 33, 37, 43, 44, 46, 52, 53, 63]",38.66%,259.0,670.0,"[2, 4, 5, 7, 10, 11, 12, 13, 15, 16, 17, 18, 19, 20, 21, 22, 24, 25, 26, 27, 29, 30, 31, 32, 34, 35, 36, 38, 39, 40, 41, 43, 44, 47, 48, 49, 50, 52, 53, 54, 55, 56, 57, 58, 60, 61, 64, 65]","[0.0, 0.0, 0.2, 0.0, 0.8, 0.9, 0.0, 0.1, 0.0, 0.0, 0.2, 0.5, 0.4, 0.1, 0.0, 0.2, 0.1, 0.2, 0.2, 0.4, 0.2, 1.0, 0.5, 0.0, 1.0, 0.9, 0.6, 0.5, 0.0, 0.9, 1.0, 1.0, 0.5, 0.0, 0.9, 0.5, 1.0, 0.0, 1.0, 0.5, 0.2, 0.5, 0.0, 0.3, 0.1, 0.0, 0.0, 0.1, 0.8, 0.3, 1.0, 0.0, 0.3, 0.4, 0.4, 0.9, 0.4, 1.0, 0.4, 0.0, 0.7, 0.9, 0.0, 0.0, 0.1, 0.8, 0.0]","[3, 10, 10, 0, 10, 10, 7, 0, 10, 10, 10, 10, 10, 10, 10, 10, 10, 10, 10, 10, 3, 10, 10, 0, 10, 10, 0, 2, 10, 10, 10, 10, 10, 6, 10, 10, 10, 5, 10, 10, 10, 10, 10, 0, 0, 10, 0, 10, 10, 10, 10, 10, 7, 1, 10, 10, 10, 10, 10, 10, 10, 10, 10, 0, 10, 10, 10]",8.12,8.66%,8.0,11.94%
codet5p-220m_mbjp__test(2025-07-03_21-28-26/280),16.42%,11.0,67.0,"[4, 7, 15, 22, 29, 37, 43, 44, 46, 53, 62]",44.48%,298.0,670.0,"[0, 2, 3, 4, 5, 6, 8, 9, 10, 11, 12, 14, 15, 16, 18, 20, 23, 24, 25, 26, 27, 28, 29, 30, 31, 33, 34, 35, 37, 38, 39, 40, 41, 43, 44, 45, 46, 48, 49, 50, 51, 53, 54, 55, 56, 57, 58, 59, 60, 61, 64, 65]","[0.1, 0.0, 0.9, 0.1, 0.1, 1.0, 0.1, 0.0, 1.0, 1.0, 0.4, 0.5, 0.2, 0.0, 0.1, 0.1, 0.1, 0.0, 0.5, 0.0, 0.6, 0.0, 0.0, 1.0, 1.0, 0.5, 0.7, 1.0, 0.1, 0.2, 0.5, 1.0, 0.0, 0.3, 1.0, 0.8, 0.0, 0.2, 1.0, 0.6, 0.4, 0.5, 0.0, 0.3, 0.1, 1.0, 0.1, 0.0, 1.0, 0.2, 1.0, 1.0, 0.0, 0.2, 0.8, 1.0, 1.0, 1.0, 0.7, 0.2, 0.3, 1.0, 0.0, 0.0, 0.8, 0.5, 0.0]","[10, 10, 10, 10, 2, 10, 10, 0, 10, 10, 10, 10, 10, 10, 10, 6, 10, 10, 10, 10, 10, 10, 9, 10, 10, 10, 10, 10, 10, 5, 10, 10, 10, 10, 10, 10, 10, 2, 10, 10, 10, 10, 10, 0, 3, 10, 4, 10, 10, 10, 10, 10, 10, 0, 10, 10, 10, 10, 10, 10, 10, 10, 0, 10, 10, 10, 10]",8.82,5.07%,4.0,5.97%
Qwen2.5-0.5B_sufu__test,36.21%,21.0,58.0,"[0, 4, 5, 7, 12, 16, 18, 20, 22, 23, 26, 29, 31, 35, 36, 37, 41, 47, 49, 50, 55]",51.21%,297.0,580.0,"[1, 3, 5, 6, 8, 9, 10, 11, 13, 14, 15, 17, 18, 19, 20, 21, 23, 24, 25, 27, 28, 30, 32, 33, 34, 35, 38, 39, 40, 42, 43, 44, 45, 46, 48, 49, 51, 52, 53, 54, 55, 56]","[0.0, 1.0, 0.0, 1.0, 0.0, 0.1, 0.4, 0.0, 0.4, 1.0, 1.0, 1.0, 0.0, 1.0, 1.0, 1.0, 0.0, 1.0, 0.2, 1.0, 0.3, 0.2, 0.0, 0.1, 1.0, 1.0, 0.0, 0.7, 0.9, 0.0, 1.0, 0.0, 0.3, 1.0, 1.0, 0.2, 0.0, 0.0, 0.7, 0.5, 0.7, 0.0, 1.0, 1.0, 0.9, 0.9, 1.0, 0.0, 0.1, 0.2, 0.0, 0.8, 1.0, 0.3, 1.0, 0.1, 0.7, 0.0]","[0, 10, 10, 10, 0, 0, 10, 0, 10, 10, 10, 10, 0, 10, 10, 10, 0, 10, 0, 10, 0, 10, 0, 5, 10, 10, 5, 10, 10, 0, 10, 0, 10, 10, 10, 0, 0, 3, 10, 10, 10, 0, 10, 10, 10, 10, 10, 0, 10, 0, 0, 10, 10, 10, 10, 0, 10, 10]",6.6,28.45%,18.0,31.03%
codet5-base_sufu__test(2025-06-29_23-21-14/160x),32.76%,19.0,58.0,"[0, 1, 4, 5, 7, 9, 12, 16, 22, 23, 29, 31, 32, 36, 41, 47, 49, 50, 55]",89.26%,5177.0,5800.0,"[0, 1, 2, 3, 4, 5, 6, 7, 8, 9, 10, 11, 12, 13, 14, 15, 16, 17, 18, 19, 20, 21, 22, 23, 24, 25, 26, 27, 28, 29, 30, 31, 32, 33, 34, 35, 36, 37, 38, 39, 40, 41, 42, 43, 44, 45, 46, 47, 48, 49, 50, 51, 52, 53, 54, 55, 56, 57]","[0.64, 0.96, 1.0, 1.0, 0.54, 0.62, 1.0, 0.66, 1.0, 0.88, 1.0, 1.0, 0.86, 0.99, 1.0, 1.0, 0.84, 1.0, 1.0, 0.97, 1.0, 1.0, 0.96, 0.89, 1.0, 0.99, 1.0, 1.0, 0.99, 0.83, 1.0, 0.67, 0.9, 1.0, 1.0, 0.96, 0.54, 0.76, 0.86, 1.0, 0.91, 0.58, 1.0, 1.0, 0.94, 1.0, 1.0, 0.54, 0.94, 0.85, 0.63, 1.0, 1.0, 0.71, 1.0, 0.66, 0.97, 0.73]","[0, 1, 100, 100, 0, 0, 100, 0, 100, 0, 100, 100, 4, 100, 100, 100, 0, 100, 100, 100, 100, 100, 1, 0, 100, 100, 100, 100, 100, 0, 100, 0, 9, 100, 100, 100, 0, 100, 100, 100, 100, 0, 100, 100, 100, 100, 100, 0, 100, 3, 0, 100, 100, 100, 100, 0, 100, 100]",67.55,7.83%,14.0,24.14%
codet5-base_mbjp__test(2025-07-02_15-48-24/50_100),31.34%,21.0,67.0,"[0, 3, 4, 6, 7, 10, 11, 18, 19, 20, 26, 33, 35, 37, 40, 43, 46, 53, 62, 63, 65]",37.00%,2479.0,6700.0,"[0, 2, 3, 4, 5, 6, 7, 8, 9, 10, 11, 12, 13, 14, 15, 16, 18, 20, 21, 22, 23, 24, 25, 26, 27, 28, 29, 30, 31, 33, 35, 36, 37, 38, 39, 40, 41, 42, 43, 45, 46, 47, 48, 49, 51, 52, 53, 54, 55, 56, 57, 58, 59, 60, 61, 62, 64, 65, 66]","[0.29, 0.0, 0.83, 0.29, 0.12, 0.91, 0.3, 0.4, 0.18, 0.48, 0.18, 0.02, 0.65, 0.1, 0.29, 0.13, 0.71, 0.0, 0.31, 0.0, 0.63, 0.28, 0.87, 0.77, 1.0, 0.57, 0.41, 0.6, 0.02, 0.67, 0.84, 0.55, 0.0, 0.04, 0.0, 0.65, 0.92, 0.16, 0.03, 0.01, 0.07, 0.85, 0.14, 0.25, 0.0, 0.39, 0.35, 0.53, 0.37, 0.09, 0.0, 0.13, 0.13, 0.57, 0.33, 0.91, 0.1, 0.37, 0.06, 0.31, 0.81, 0.98, 0.17, 0.0, 0.28, 0.6, 0.79]","[39, 100, 100, 33, 0, 100, 0, 3, 100, 100, 23, 0, 100, 100, 100, 100, 100, 100, 2, 1, 6, 100, 100, 100, 100, 100, 0, 100, 100, 100, 100, 100, 100, 1, 100, 33, 100, 5, 100, 100, 0, 100, 100, 0, 100, 100, 19, 100, 100, 100, 100, 100, 100, 4, 100, 100, 100, 100, 100, 100, 100, 100, 3, 41, 100, 34, 100]",72.34,5.81%,6.0,8.96%
codet5-base_sufu_codeproof__test(2025-09-15_10-24-17/20),8.62%,5.0,58.0,"[23, 41, 47, 49, 51]",59.83%,347.0,580.0,"[0, 2, 3, 4, 5, 6, 7, 8, 9, 10, 11, 13, 14, 15, 16, 17, 18, 19, 20, 21, 22, 23, 24, 25, 26, 27, 29, 30, 32, 33, 34, 35, 36, 37, 38, 39, 40, 41, 42, 43, 44, 45, 46, 48, 49, 50, 51, 52, 53, 54, 55, 56, 57]","[0.1, 0.0, 0.4, 1.0, 1.0, 1.0, 0.4, 0.7, 1.0, 0.5, 0.4, 0.2, 0.0, 0.9, 1.0, 1.0, 1.0, 0.6, 1.0, 0.2, 0.2, 1.0, 1.0, 0.4, 1.0, 1.0, 0.4, 0.4, 0.0, 1.0, 1.0, 0.0, 0.2, 1.0, 1.0, 0.2, 1.0, 0.4, 0.3, 1.0, 1.0, 0.1, 0.6, 0.4, 0.5, 0.4, 1.0, 0.0, 0.5, 0.6, 1.0, 0.1, 0.3, 1.0, 0.3, 0.6, 0.4, 1.0]","[10, 10, 10, 10, 10, 10, 10, 10, 10, 10, 10, 10, 10, 10, 10, 10, 10, 10, 10, 10, 10, 10, 10, 0, 10, 10, 10, 10, 10, 10, 10, 10, 10, 10, 10, 10, 10, 10, 10, 10, 10, 0, 10, 10, 10, 10, 10, 0, 10, 0, 10, 6, 10, 10, 10, 10, 10, 10]",9.24,3.62%,4.0,6.90%
codet5-base_sufu_codeproof__test(2025-09-15_10-24-17/30),12.07%,7.0,58.0,"[5, 9, 31, 41, 47, 49, 55]",69.48%,403.0,580.0,"[0, 1, 2, 3, 4, 5, 6, 8, 9, 10, 12, 13, 14, 15, 16, 17, 18, 19, 20, 21, 22, 23, 24, 25, 26, 27, 28, 29, 30, 31, 32, 33, 34, 35, 36, 37, 38, 39, 40, 41, 42, 43, 44, 45, 46, 47, 48, 49, 50, 51, 52, 53, 54, 55, 56, 57]","[0.1, 1.0, 0.1, 1.0, 0.6, 0.8, 0.6, 0.0, 0.8, 0.9, 0.8, 0.0, 0.2, 1.0, 1.0, 1.0, 1.0, 1.0, 1.0, 0.5, 0.6, 1.0, 1.0, 0.8, 1.0, 1.0, 0.9, 0.8, 0.8, 0.6, 1.0, 0.1, 0.5, 1.0, 1.0, 0.5, 0.6, 0.4, 0.4, 0.7, 1.0, 0.8, 1.0, 0.6, 0.2, 1.0, 1.0, 0.5, 0.1, 0.8, 1.0, 0.5, 0.4, 0.5, 1.0, 0.7, 0.6, 0.5]","[10, 10, 10, 10, 10, 1, 10, 10, 10, 6, 10, 10, 10, 10, 10, 10, 10, 10, 10, 10, 10, 10, 10, 10, 10, 10, 10, 10, 10, 10, 10, 0, 10, 10, 10, 10, 10, 10, 10, 10, 10, 0, 10, 10, 10, 10, 10, 0, 10, 1, 10, 10, 10, 10, 10, 3, 10, 10]",8.98,3.28%,3.0,5.17%
codet5-base_sufu_codeproof__test(2025-09-15_10-24-17/40),8.62%,5.0,58.0,"[41, 47, 49, 50, 55]",61.90%,359.0,580.0,"[1, 2, 3, 4, 5, 6, 8, 9, 10, 11, 12, 13, 14, 15, 16, 17, 18, 20, 21, 22, 24, 25, 27, 29, 30, 31, 32, 33, 34, 35, 36, 37, 38, 39, 40, 41, 42, 43, 44, 46, 49, 50, 51, 53, 54, 55, 57]","[0.0, 0.4, 1.0, 1.0, 1.0, 1.0, 0.8, 0.0, 1.0, 0.5, 0.7, 1.0, 0.9, 1.0, 1.0, 1.0, 1.0, 1.0, 0.8, 0.0, 0.2, 1.0, 1.0, 0.0, 1.0, 1.0, 0.0, 0.4, 0.0, 1.0, 1.0, 0.7, 0.6, 1.0, 1.0, 0.7, 1.0, 0.3, 0.1, 1.0, 1.0, 0.5, 0.3, 0.8, 0.7, 0.0, 1.0, 0.0, 0.0, 0.8, 0.8, 0.1, 0.0, 0.2, 0.3, 0.6, 0.0, 0.7]","[10, 10, 10, 10, 10, 10, 10, 10, 10, 10, 10, 10, 10, 10, 10, 10, 10, 10, 10, 10, 10, 10, 10, 10, 10, 10, 10, 10, 10, 10, 10, 10, 10, 10, 10, 10, 10, 10, 10, 10, 10, 0, 10, 10, 10, 10, 10, 0, 10, 0, 1, 10, 10, 10, 10, 0, 10, 10]",9.16,2.07%,4.0,6.90%
codet5-base_sufu_codeproof__test(2025-09-15_10-24-17/50),12.07%,7.0,58.0,"[0, 5, 20, 41, 44, 47, 49]",65.34%,379.0,580.0,"[0, 1, 2, 3, 4, 5, 6, 7, 8, 9, 10, 11, 12, 13, 14, 15, 16, 17, 18, 19, 21, 22, 23, 24, 25, 26, 27, 29, 30, 31, 32, 33, 34, 35, 36, 37, 38, 39, 40, 41, 42, 43, 44, 45, 46, 48, 49, 50, 51, 52, 53, 54, 55, 56, 57]","[0.2, 1.0, 0.3, 1.0, 0.3, 0.5, 0.1, 0.4, 1.0, 0.7, 0.6, 1.0, 0.9, 1.0, 1.0, 1.0, 1.0, 0.7, 1.0, 0.7, 0.0, 1.0, 1.0, 0.2, 1.0, 1.0, 0.6, 0.2, 0.0, 1.0, 1.0, 1.0, 0.4, 1.0, 1.0, 0.3, 0.3, 0.1, 0.5, 0.6, 0.8, 0.1, 0.9, 0.3, 0.6, 0.4, 1.0, 0.0, 0.9, 0.9, 1.0, 0.2, 0.9, 0.3, 1.0, 1.0, 0.1, 0.9]","[4, 10, 10, 10, 10, 0, 10, 10, 10, 10, 10, 10, 10, 10, 10, 10, 10, 10, 10, 10, 1, 10, 10, 10, 10, 10, 10, 10, 10, 10, 10, 10, 10, 10, 10, 10, 10, 10, 10, 10, 10, 0, 10, 10, 9, 10, 10, 0, 10, 0, 10, 10, 10, 10, 10, 10, 10, 10]",9.03,4.83%,4.0,6.90%
codet5-base_sufu_codeproof__test(2025-09-15_10-24-17/60),24.14%,14.0,58.0,"[1, 4, 5, 19, 20, 23, 26, 29, 31, 36, 41, 47, 49, 50]",69.66%,404.0,580.0,"[0, 1, 2, 3, 4, 5, 6, 7, 8, 9, 10, 11, 12, 13, 14, 15, 16, 17, 18, 19, 20, 21, 22, 23, 24, 25, 26, 27, 28, 29, 30, 31, 32, 33, 34, 35, 36, 37, 38, 39, 40, 41, 42, 43, 44, 45, 46, 47, 48, 49, 50, 51, 52, 53, 54, 55, 56, 57]","[0.3, 0.8, 0.9, 1.0, 0.7, 0.8, 0.6, 0.9, 1.0, 1.0, 0.7, 1.0, 0.8, 1.0, 1.0, 1.0, 1.0, 1.0, 1.0, 0.2, 0.2, 0.5, 1.0, 0.6, 1.0, 1.0, 0.1, 1.0, 0.3, 0.4, 1.0, 0.9, 0.2, 1.0, 1.0, 0.2, 0.7, 0.3, 0.2, 1.0, 1.0, 0.5, 1.0, 0.4, 1.0, 0.7, 1.0, 0.3, 0.2, 0.4, 0.9, 0.2, 0.1, 0.6, 0.9, 0.6, 0.3, 1.0]","[10, 1, 10, 10, 4, 0, 10, 10, 10, 10, 10, 10, 10, 10, 10, 10, 10, 10, 10, 4, 0, 10, 10, 6, 10, 10, 1, 10, 10, 0, 10, 9, 10, 10, 10, 10, 4, 10, 10, 10, 10, 0, 10, 10, 10, 10, 10, 0, 10, 0, 7, 10, 10, 10, 10, 10, 10, 10]",8.21,6.90%,6.0,10.34%
codet5-base_sufu_codeproof__test(2025-09-15_10-24-17/70),15.52%,9.0,58.0,"[5, 7, 9, 20, 29, 41, 47, 50, 51]",66.21%,384.0,580.0,"[1, 2, 3, 4, 5, 6, 7, 8, 9, 10, 12, 13, 14, 15, 16, 17, 18, 19, 20, 21, 22, 23, 24, 25, 26, 27, 28, 29, 30, 31, 32, 33, 34, 35, 36, 37, 38, 39, 40, 41, 42, 43, 44, 45, 46, 47, 48, 49, 51, 52, 53, 54, 55, 56, 57]","[0.0, 0.8, 0.9, 1.0, 0.5, 0.2, 0.3, 0.2, 1.0, 0.3, 0.4, 0.0, 0.9, 1.0, 1.0, 1.0, 1.0, 1.0, 1.0, 0.9, 0.5, 1.0, 1.0, 0.5, 1.0, 1.0, 1.0, 0.9, 0.4, 0.2, 1.0, 1.0, 0.8, 1.0, 1.0, 0.4, 0.4, 0.1, 0.7, 1.0, 1.0, 0.1, 0.7, 0.7, 0.8, 1.0, 0.8, 0.1, 0.6, 1.0, 0.0, 0.3, 0.1, 0.4, 0.4, 1.0, 0.6, 0.5]","[10, 10, 10, 10, 10, 0, 10, 0, 10, 0, 10, 10, 10, 10, 10, 10, 10, 10, 10, 10, 0, 10, 10, 10, 10, 10, 10, 10, 10, 0, 10, 10, 10, 10, 10, 10, 10, 10, 10, 10, 10, 0, 10, 10, 10, 10, 10, 0, 10, 10, 0, 4, 10, 10, 10, 10, 10, 10]",8.52,8.45%,8.0,13.79%
codet5-base_sufu_codeproof__test(2025-09-15_10-24-17/80),0.00%,0.0,58.0,[],100.00%,580.0,580.0,"[0, 1, 2, 3, 4, 5, 6, 7, 8, 9, 10, 11, 12, 13, 14, 15, 16, 17, 18, 19, 20, 21, 22, 23, 24, 25, 26, 27, 28, 29, 30, 31, 32, 33, 34, 35, 36, 37, 38, 39, 40, 41, 42, 43, 44, 45, 46, 47, 48, 49, 50, 51, 52, 53, 54, 55, 56, 57]","[1.0, 1.0, 1.0, 1.0, 1.0, 1.0, 1.0, 1.0, 1.0, 1.0, 1.0, 1.0, 1.0, 1.0, 1.0, 1.0, 1.0, 1.0, 1.0, 1.0, 1.0, 1.0, 1.0, 1.0, 1.0, 1.0, 1.0, 1.0, 1.0, 1.0, 1.0, 1.0, 1.0, 1.0, 1.0, 1.0, 1.0, 1.0, 1.0, 1.0, 1.0, 1.0, 1.0, 1.0, 1.0, 1.0, 1.0, 1.0, 1.0, 1.0, 1.0, 1.0, 1.0, 1.0, 1.0, 1.0, 1.0, 1.0]","[10, 10, 10, 10, 10, 10, 10, 10, 10, 10, 10, 10, 10, 10, 10, 10, 10, 10, 10, 10, 10, 10, 10, 10, 10, 10, 10, 10, 10, 10, 10, 10, 10, 10, 10, 10, 10, 10, 10, 10, 10, 10, 10, 10, 10, 10, 10, 10, 10, 10, 10, 10, 10, 10, 10, 10, 10, 10]",10.0,0.00%,0.0,0.00%
codet5-base_sufu_proofcode__test(2025-09-15_10-24-17/20),24.14%,14.0,58.0,"[0, 4, 5, 7, 16, 22, 29, 31, 36, 41, 47, 49, 50, 55]",75.69%,439.0,580.0,"[0, 1, 2, 3, 4, 5, 6, 7, 8, 9, 10, 11, 12, 13, 14, 15, 16, 17, 18, 19, 20, 21, 22, 23, 24, 25, 26, 27, 28, 30, 31, 32, 33, 34, 35, 36, 37, 38, 39, 40, 42, 43, 44, 45, 46, 47, 48, 49, 50, 51, 52, 53, 54, 56, 57]","[0.1, 0.9, 1.0, 1.0, 0.4, 0.1, 1.0, 0.3, 1.0, 0.7, 1.0, 1.0, 0.8, 1.0, 1.0, 1.0, 0.2, 1.0, 1.0, 1.0, 1.0, 1.0, 0.8, 1.0, 1.0, 1.0, 1.0, 1.0, 1.0, 0.0, 1.0, 0.5, 0.7, 1.0, 1.0, 0.5, 0.4, 0.5, 0.6, 1.0, 1.0, 0.0, 1.0, 1.0, 0.6, 1.0, 1.0, 0.1, 0.5, 0.7, 0.3, 0.3, 1.0, 0.9, 1.0, 0.0, 1.0, 1.0]","[0, 10, 10, 10, 1, 0, 10, 0, 10, 10, 10, 10, 10, 10, 10, 10, 0, 10, 10, 10, 10, 10, 4, 10, 10, 10, 10, 10, 10, 0, 10, 0, 10, 10, 10, 10, 1, 10, 10, 10, 10, 0, 10, 10, 10, 10, 10, 0, 10, 3, 0, 10, 10, 10, 10, 0, 10, 10]",7.74,17.24%,10.0,17.24%
codet5-base_sufu_proofcode__test(2025-09-15_10-24-17/30),29.31%,17.0,58.0,"[0, 4, 5, 7, 9, 12, 16, 22, 23, 29, 31, 36, 41, 47, 50, 52, 55]",75.52%,438.0,580.0,"[0, 1, 2, 3, 5, 6, 7, 8, 9, 10, 11, 12, 13, 14, 15, 16, 17, 18, 20, 21, 22, 23, 24, 25, 26, 27, 28, 29, 30, 31, 32, 33, 34, 35, 38, 39, 40, 41, 42, 43, 44, 45, 46, 47, 48, 49, 50, 51, 52, 53, 54, 55, 56, 57]","[0.9, 1.0, 1.0, 1.0, 0.0, 0.1, 1.0, 0.3, 1.0, 0.9, 1.0, 1.0, 0.6, 1.0, 1.0, 1.0, 0.9, 1.0, 1.0, 0.0, 0.8, 1.0, 0.9, 0.3, 1.0, 1.0, 1.0, 0.6, 1.0, 0.2, 1.0, 0.5, 1.0, 1.0, 1.0, 1.0, 0.0, 0.0, 0.7, 1.0, 0.8, 0.3, 1.0, 1.0, 0.8, 1.0, 1.0, 0.6, 0.6, 0.5, 0.1, 0.4, 0.9, 1.0, 1.0, 0.3, 1.0, 0.8]","[6, 10, 10, 10, 0, 0, 10, 0, 10, 9, 10, 10, 5, 10, 10, 10, 2, 10, 10, 10, 10, 10, 7, 0, 10, 10, 10, 10, 10, 0, 10, 2, 10, 10, 10, 10, 0, 10, 10, 10, 10, 0, 10, 10, 10, 10, 10, 0, 10, 10, 0, 10, 2, 10, 10, 0, 10, 10]",7.64,15.17%,10.0,17.24%
codet5-base_sufu_proofcode__test(2025-09-15_10-24-17/40),32.76%,19.0,58.0,"[0, 1, 4, 5, 7, 9, 12, 20, 22, 23, 29, 31, 36, 41, 47, 49, 50, 52, 55]",67.07%,389.0,580.0,"[0, 1, 2, 3, 4, 5, 6, 8, 9, 10, 11, 12, 13, 14, 15, 16, 17, 18, 19, 20, 21, 22, 23, 24, 25, 26, 27, 28, 29, 30, 31, 32, 33, 34, 35, 36, 37, 39, 40, 41, 42, 43, 44, 45, 46, 48, 50, 51, 52, 53, 54, 55, 56, 57]","[0.4, 0.3, 1.0, 1.0, 0.2, 0.1, 1.0, 0.0, 1.0, 0.4, 1.0, 1.0, 0.4, 1.0, 1.0, 1.0, 1.0, 1.0, 1.0, 0.7, 0.6, 1.0, 0.8, 0.3, 1.0, 1.0, 1.0, 0.9, 1.0, 0.1, 1.0, 0.5, 1.0, 1.0, 1.0, 1.0, 0.2, 0.2, 0.0, 1.0, 0.4, 0.3, 1.0, 1.0, 0.2, 1.0, 1.0, 0.0, 0.2, 0.0, 0.2, 0.3, 0.7, 0.4, 1.0, 0.9, 1.0, 0.2]","[0, 0, 10, 10, 0, 0, 10, 0, 10, 0, 10, 10, 0, 10, 10, 10, 10, 10, 10, 10, 0, 10, 0, 2, 10, 10, 10, 10, 10, 0, 10, 0, 10, 10, 10, 10, 0, 10, 10, 10, 10, 0, 10, 10, 10, 10, 10, 0, 10, 0, 0, 10, 0, 10, 10, 1, 10, 10]",6.78,20.34%,17.0,29.31%
codet5-base_sufu_proofcode__test(2025-09-15_10-24-17/50),25.86%,15.0,58.0,"[0, 4, 5, 7, 9, 12, 22, 29, 31, 36, 41, 44, 47, 49, 55]",69.66%,404.0,580.0,"[0, 1, 2, 3, 5, 6, 7, 8, 9, 10, 11, 12, 13, 14, 15, 16, 17, 18, 19, 20, 21, 23, 24, 25, 26, 27, 28, 29, 30, 32, 33, 34, 35, 37, 39, 40, 41, 42, 43, 44, 45, 46, 48, 49, 50, 51, 52, 54, 55, 56, 57]","[0.1, 1.0, 1.0, 1.0, 0.0, 0.1, 1.0, 0.3, 1.0, 0.3, 1.0, 1.0, 0.3, 1.0, 1.0, 1.0, 1.0, 1.0, 1.0, 0.3, 1.0, 1.0, 0.0, 0.8, 1.0, 1.0, 1.0, 1.0, 0.5, 0.3, 1.0, 0.0, 1.0, 1.0, 1.0, 1.0, 0.0, 0.8, 0.0, 1.0, 0.1, 0.2, 1.0, 1.0, 0.7, 1.0, 1.0, 0.0, 0.9, 0.2, 1.0, 0.8, 1.0, 0.0, 1.0, 0.3, 1.0, 0.4]","[0, 10, 10, 10, 0, 0, 10, 0, 10, 0, 10, 10, 0, 10, 10, 10, 10, 10, 10, 10, 10, 10, 0, 10, 10, 10, 10, 10, 10, 0, 10, 0, 10, 10, 10, 10, 0, 10, 10, 10, 10, 0, 10, 10, 4, 10, 10, 0, 10, 0, 10, 10, 10, 10, 10, 0, 10, 10]",7.48,19.83%,14.0,24.14%
codet5-base_sufu_proofcode__test(2025-09-15_10-24-17/60),36.21%,21.0,58.0,"[0, 1, 4, 5, 7, 9, 12, 16, 20, 22, 23, 29, 31, 36, 41, 47, 49, 50, 52, 55, 56]",64.31%,373.0,580.0,"[0, 1, 2, 3, 6, 7, 8, 9, 10, 11, 12, 13, 14, 15, 16, 17, 18, 19, 20, 21, 22, 23, 24, 25, 26, 27, 28, 30, 32, 33, 34, 35, 37, 38, 39, 40, 41, 42, 43, 44, 45, 46, 47, 48, 49, 50, 51, 54, 55, 56]","[0.4, 0.7, 0.6, 1.0, 0.0, 0.0, 1.0, 0.1, 1.0, 0.3, 1.0, 1.0, 0.1, 1.0, 1.0, 1.0, 0.1, 1.0, 1.0, 1.0, 0.4, 1.0, 0.5, 0.1, 1.0, 1.0, 1.0, 0.9, 0.7, 0.0, 1.0, 0.0, 0.7, 1.0, 1.0, 1.0, 0.0, 0.7, 0.1, 1.0, 0.4, 0.2, 1.0, 1.0, 1.0, 1.0, 1.0, 0.1, 1.0, 0.5, 0.6, 0.5, 0.0, 0.0, 1.0, 0.9, 0.7, 0.0]","[1, 3, 10, 10, 0, 0, 10, 0, 10, 0, 10, 10, 1, 10, 10, 10, 0, 10, 10, 10, 0, 10, 0, 0, 10, 10, 10, 10, 10, 0, 10, 0, 10, 10, 10, 10, 0, 10, 10, 10, 10, 0, 10, 10, 10, 10, 10, 0, 10, 0, 0, 10, 0, 10, 10, 2, 0, 10]",6.5,21.90%,17.0,29.31%
codet5-base_sufu_proofcode__test(2025-09-15_10-24-17/70),25.86%,15.0,58.0,"[0, 1, 4, 5, 7, 9, 16, 29, 31, 36, 41, 47, 49, 50, 55]",74.66%,433.0,580.0,"[0, 1, 2, 3, 4, 5, 6, 8, 9, 10, 11, 12, 13, 14, 15, 16, 17, 18, 19, 20, 21, 22, 23, 24, 25, 26, 27, 28, 29, 30, 31, 32, 33, 34, 35, 36, 37, 38, 39, 40, 41, 42, 43, 44, 45, 46, 47, 48, 49, 50, 51, 52, 53, 54, 55, 56, 57]","[0.5, 0.6, 0.8, 1.0, 0.1, 0.6, 1.0, 0.0, 1.0, 0.6, 1.0, 1.0, 1.0, 1.0, 1.0, 1.0, 0.2, 1.0, 1.0, 0.9, 1.0, 1.0, 1.0, 0.8, 1.0, 1.0, 1.0, 1.0, 1.0, 0.4, 1.0, 0.7, 0.4, 1.0, 1.0, 1.0, 0.1, 0.8, 0.1, 1.0, 0.3, 0.7, 1.0, 1.0, 0.5, 1.0, 1.0, 0.7, 0.2, 0.4, 0.5, 0.5, 1.0, 0.4, 1.0, 0.2, 1.0, 0.3]","[0, 1, 10, 10, 0, 0, 10, 0, 10, 0, 10, 10, 10, 10, 10, 10, 0, 10, 10, 10, 10, 10, 10, 10, 10, 10, 10, 10, 10, 0, 10, 2, 10, 10, 10, 10, 0, 10, 10, 10, 10, 0, 10, 10, 10, 10, 10, 0, 10, 0, 0, 10, 10, 10, 10, 0, 10, 10]",7.47,14.31%,13.0,22.41%
codet5-base_sufu_proofcode__test(2025-09-15_10-24-17/80),25.86%,15.0,58.0,"[0, 4, 5, 7, 16, 22, 23, 29, 31, 36, 41, 47, 49, 50, 55]",74.83%,434.0,580.0,"[0, 1, 2, 3, 5, 6, 7, 8, 9, 10, 11, 12, 13, 14, 15, 17, 18, 19, 20, 21, 22, 23, 24, 25, 26, 27, 28, 29, 30, 31, 32, 33, 34, 35, 37, 38, 39, 40, 41, 42, 43, 44, 45, 46, 47, 48, 49, 50, 51, 52, 53, 54, 55, 56, 57]","[0.4, 1.0, 1.0, 1.0, 0.0, 0.1, 1.0, 0.1, 1.0, 1.0, 1.0, 1.0, 0.2, 1.0, 1.0, 1.0, 0.0, 1.0, 1.0, 0.6, 1.0, 1.0, 0.4, 0.1, 1.0, 1.0, 1.0, 1.0, 0.5, 0.3, 1.0, 0.4, 1.0, 1.0, 1.0, 1.0, 0.0, 1.0, 0.5, 1.0, 0.9, 0.6, 1.0, 1.0, 1.0, 1.0, 1.0, 0.1, 0.3, 0.9, 0.7, 0.5, 1.0, 0.3, 1.0, 0.5, 1.0, 1.0]","[0, 10, 10, 10, 0, 0, 10, 0, 10, 10, 10, 10, 10, 10, 10, 10, 0, 10, 10, 10, 10, 10, 0, 0, 10, 10, 10, 10, 10, 0, 10, 1, 10, 10, 10, 10, 0, 10, 10, 10, 10, 1, 10, 10, 10, 10, 10, 0, 10, 2, 0, 10, 10, 10, 10, 0, 10, 10]",7.48,16.90%,12.0,20.69%
codet5-base_sufu_proofcode__test(2025-09-15_10-24-17/90),36.21%,21.0,58.0,"[0, 4, 5, 7, 9, 12, 16, 20, 22, 23, 27, 29, 31, 36, 41, 44, 47, 49, 50, 52, 55]",64.83%,376.0,580.0,"[1, 2, 3, 5, 6, 7, 8, 9, 10, 11, 12, 13, 14, 15, 17, 18, 19, 20, 21, 22, 23, 24, 25, 26, 27, 28, 29, 30, 31, 32, 33, 34, 35, 37, 38, 39, 40, 41, 42, 43, 45, 46, 47, 48, 49, 50, 51, 52, 53, 54, 55, 56, 57]","[0.0, 0.9, 1.0, 1.0, 0.0, 0.4, 1.0, 0.1, 1.0, 0.6, 1.0, 1.0, 0.9, 1.0, 1.0, 1.0, 0.0, 1.0, 1.0, 0.9, 0.2, 1.0, 0.3, 0.9, 1.0, 1.0, 1.0, 0.2, 0.1, 0.6, 1.0, 0.3, 1.0, 1.0, 1.0, 1.0, 0.0, 0.3, 0.2, 1.0, 1.0, 0.3, 1.0, 1.0, 0.0, 1.0, 1.0, 0.2, 0.1, 0.2, 0.2, 0.3, 0.4, 0.4, 1.0, 0.1, 1.0, 0.5]","[0, 10, 10, 10, 0, 0, 10, 0, 10, 0, 10, 10, 2, 10, 10, 10, 1, 10, 10, 10, 0, 10, 0, 0, 10, 10, 10, 0, 10, 0, 10, 0, 10, 10, 10, 10, 0, 10, 10, 10, 10, 0, 10, 10, 8, 10, 10, 0, 10, 0, 0, 10, 0, 10, 10, 0, 10, 10]",6.57,21.55%,18.0,31.03%
codet5-base_sufu_proofcode__test(2025-09-15_10-24-17/100),34.48%,20.0,58.0,"[0, 4, 5, 7, 9, 12, 16, 20, 22, 23, 29, 31, 36, 41, 44, 47, 49, 50, 52, 55]",67.24%,390.0,580.0,"[0, 1, 2, 3, 6, 7, 8, 9, 10, 11, 12, 13, 14, 15, 16, 17, 18, 19, 20, 21, 22, 23, 24, 25, 26, 27, 28, 30, 31, 32, 33, 34, 35, 37, 38, 39, 40, 41, 42, 43, 45, 46, 47, 48, 49, 50, 51, 52, 53, 54, 56, 57]","[0.2, 1.0, 1.0, 1.0, 0.0, 0.0, 1.0, 0.5, 1.0, 0.5, 1.0, 1.0, 0.3, 1.0, 1.0, 1.0, 0.3, 1.0, 1.0, 0.7, 0.8, 1.0, 0.3, 0.6, 1.0, 0.7, 1.0, 0.8, 0.7, 0.0, 1.0, 0.3, 0.9, 1.0, 1.0, 1.0, 0.0, 0.5, 0.6, 1.0, 0.7, 0.1, 1.0, 1.0, 0.0, 1.0, 1.0, 0.3, 0.3, 0.3, 0.3, 0.7, 0.6, 0.4, 1.0, 0.0, 1.0, 0.6]","[0, 10, 10, 10, 0, 0, 10, 0, 10, 0, 10, 10, 0, 10, 10, 10, 0, 10, 10, 10, 0, 10, 0, 0, 10, 10, 10, 10, 10, 0, 10, 0, 10, 10, 10, 10, 0, 10, 10, 10, 10, 0, 10, 10, 8, 10, 10, 0, 10, 0, 0, 10, 0, 10, 10, 0, 10, 10]",6.69,22.76%,19.0,32.76%
codet5-base_sufu_proofcode__test(2025-09-15_10-24-17/110),36.21%,21.0,58.0,"[0, 1, 4, 5, 7, 9, 12, 16, 20, 22, 27, 29, 31, 36, 41, 44, 47, 49, 50, 52, 55]",68.45%,397.0,580.0,"[0, 2, 3, 4, 6, 7, 8, 9, 10, 11, 12, 13, 14, 15, 16, 17, 18, 19, 20, 21, 22, 23, 24, 25, 26, 27, 28, 29, 30, 31, 32, 33, 34, 35, 36, 38, 39, 40, 41, 42, 43, 45, 46, 47, 48, 49, 50, 51, 52, 53, 54, 55, 56, 57]","[0.2, 0.0, 1.0, 1.0, 0.1, 0.0, 1.0, 0.5, 1.0, 0.1, 1.0, 1.0, 0.6, 1.0, 1.0, 1.0, 0.6, 1.0, 1.0, 0.9, 0.3, 1.0, 0.9, 0.4, 1.0, 1.0, 1.0, 0.6, 1.0, 0.8, 1.0, 0.2, 0.7, 1.0, 1.0, 1.0, 0.1, 0.0, 0.3, 1.0, 0.9, 0.1, 1.0, 1.0, 0.0, 1.0, 1.0, 0.5, 0.4, 0.3, 0.5, 0.6, 0.2, 0.6, 1.0, 0.6, 1.0, 0.7]","[0, 0, 10, 10, 0, 0, 10, 0, 10, 0, 10, 10, 0, 10, 10, 10, 3, 10, 10, 10, 0, 10, 2, 10, 10, 10, 10, 3, 10, 0, 10, 0, 10, 10, 10, 10, 0, 10, 10, 10, 10, 0, 10, 10, 0, 10, 10, 0, 10, 0, 0, 10, 0, 10, 10, 0, 10, 10]",6.52,23.28%,18.0,31.03%
codet5-base_sufu_proofcode__test(2025-09-15_10-24-17/120),36.21%,21.0,58.0,"[0, 1, 4, 5, 7, 9, 12, 16, 20, 22, 23, 27, 29, 31, 36, 41, 47, 49, 50, 52, 55]",70.17%,407.0,580.0,"[1, 2, 3, 4, 5, 6, 7, 8, 10, 11, 12, 13, 14, 15, 16, 17, 18, 19, 20, 21, 22, 23, 24, 25, 26, 27, 28, 29, 30, 31, 32, 33, 34, 35, 36, 37, 38, 39, 40, 41, 42, 43, 44, 45, 46, 48, 49, 50, 51, 52, 53, 54, 55, 56, 57]","[0.0, 0.4, 1.0, 1.0, 0.7, 0.2, 1.0, 0.3, 1.0, 0.0, 1.0, 1.0, 0.2, 1.0, 1.0, 1.0, 0.8, 1.0, 1.0, 0.7, 0.4, 1.0, 0.9, 0.3, 1.0, 1.0, 1.0, 0.9, 0.5, 0.3, 1.0, 0.1, 1.0, 1.0, 1.0, 1.0, 0.7, 0.4, 0.1, 1.0, 0.7, 0.3, 1.0, 1.0, 1.0, 1.0, 1.0, 0.0, 0.4, 0.2, 0.5, 0.8, 0.8, 0.4, 1.0, 0.4, 1.0, 0.3]","[0, 0, 10, 10, 1, 0, 10, 0, 10, 0, 10, 10, 0, 10, 10, 10, 2, 10, 10, 10, 0, 10, 1, 0, 10, 10, 10, 1, 10, 0, 10, 0, 10, 10, 10, 10, 1, 10, 10, 10, 10, 0, 10, 10, 10, 10, 10, 0, 10, 0, 0, 10, 0, 10, 10, 0, 10, 10]",6.48,20.86%,16.0,27.59%
codet5-base_sufu_proofcode__test(2025-09-15_10-24-17/130),31.03%,18.0,58.0,"[0, 1, 4, 5, 7, 9, 12, 16, 20, 22, 29, 31, 36, 41, 47, 49, 50, 55]",74.48%,432.0,580.0,"[0, 1, 2, 3, 4, 5, 6, 7, 8, 9, 10, 11, 12, 13, 14, 15, 16, 17, 18, 19, 20, 21, 22, 23, 24, 25, 26, 27, 28, 29, 30, 31, 32, 33, 34, 35, 36, 37, 38, 39, 40, 41, 42, 43, 44, 45, 46, 47, 48, 49, 50, 51, 52, 53, 54, 55, 56, 57]","[0.2, 0.2, 1.0, 1.0, 0.6, 0.7, 1.0, 0.2, 1.0, 0.1, 1.0, 1.0, 0.8, 1.0, 1.0, 1.0, 0.1, 1.0, 1.0, 0.1, 0.9, 1.0, 0.1, 0.8, 1.0, 1.0, 1.0, 1.0, 0.7, 0.3, 1.0, 0.2, 0.6, 1.0, 1.0, 1.0, 0.6, 0.7, 0.8, 1.0, 1.0, 0.6, 1.0, 1.0, 0.9, 1.0, 1.0, 0.3, 0.3, 0.6, 0.8, 0.8, 1.0, 0.1, 1.0, 0.9, 1.0, 0.2]","[0, 0, 10, 10, 0, 1, 10, 0, 10, 0, 10, 10, 9, 10, 10, 10, 0, 10, 10, 10, 9, 10, 0, 10, 10, 10, 10, 10, 10, 0, 10, 0, 10, 10, 10, 10, 0, 10, 10, 10, 10, 0, 10, 10, 10, 10, 10, 0, 10, 1, 0, 10, 10, 10, 10, 1, 10, 10]",7.26,16.03%,13.0,22.41%
codet5-base_sufu_proofcode__test(2025-09-15_10-24-17/140),34.48%,20.0,58.0,"[0, 4, 5, 7, 12, 16, 20, 22, 23, 29, 30, 31, 36, 41, 44, 47, 49, 50, 52, 55]",71.03%,412.0,580.0,"[1, 2, 3, 4, 5, 6, 8, 9, 10, 11, 12, 13, 14, 15, 16, 17, 18, 19, 20, 21, 22, 23, 24, 25, 26, 27, 28, 29, 30, 31, 32, 33, 34, 35, 36, 37, 38, 39, 40, 41, 42, 43, 44, 45, 46, 47, 48, 49, 50, 51, 52, 53, 54, 55, 56, 57]","[0.0, 0.9, 1.0, 1.0, 0.1, 0.3, 1.0, 0.0, 1.0, 0.9, 1.0, 1.0, 0.1, 1.0, 1.0, 1.0, 0.1, 1.0, 1.0, 0.4, 0.8, 1.0, 0.3, 0.9, 1.0, 1.0, 1.0, 1.0, 0.9, 0.6, 0.7, 0.5, 1.0, 1.0, 1.0, 0.9, 0.1, 0.3, 0.1, 1.0, 1.0, 0.5, 1.0, 1.0, 0.6, 1.0, 1.0, 0.1, 0.3, 0.6, 0.6, 0.6, 0.8, 0.5, 1.0, 0.4, 1.0, 0.3]","[0, 10, 10, 10, 0, 0, 10, 0, 10, 10, 10, 10, 0, 10, 10, 10, 0, 10, 10, 10, 0, 10, 0, 2, 10, 10, 10, 10, 10, 0, 0, 0, 10, 10, 10, 10, 0, 10, 10, 10, 10, 0, 10, 10, 0, 10, 10, 0, 10, 0, 0, 10, 0, 10, 10, 0, 10, 10]",6.59,19.31%,19.0,32.76%
codet5-base_sufu_proofcode__test(2025-09-15_10-24-17/150),32.76%,19.0,58.0,"[0, 1, 4, 5, 9, 12, 16, 20, 22, 23, 29, 31, 36, 41, 47, 49, 50, 52, 55]",70.52%,409.0,580.0,"[0, 1, 2, 3, 4, 5, 6, 7, 8, 9, 10, 11, 12, 13, 14, 15, 16, 17, 18, 19, 20, 21, 22, 23, 24, 25, 26, 27, 28, 29, 30, 31, 32, 33, 34, 35, 36, 37, 39, 40, 41, 42, 43, 44, 45, 46, 48, 49, 50, 51, 52, 53, 54, 55, 56, 57]","[0.2, 0.4, 1.0, 1.0, 0.7, 0.3, 1.0, 1.0, 1.0, 0.4, 1.0, 1.0, 0.3, 1.0, 1.0, 1.0, 0.4, 1.0, 1.0, 0.8, 0.6, 1.0, 0.3, 0.6, 1.0, 1.0, 1.0, 1.0, 1.0, 0.2, 1.0, 0.1, 0.7, 1.0, 1.0, 0.9, 0.7, 0.4, 0.0, 1.0, 0.1, 0.2, 1.0, 1.0, 0.6, 1.0, 1.0, 0.0, 0.6, 0.5, 0.2, 0.6, 0.6, 0.6, 1.0, 0.3, 1.0, 0.6]","[0, 0, 10, 10, 2, 0, 10, 10, 10, 0, 10, 10, 0, 10, 10, 10, 0, 10, 10, 10, 0, 10, 0, 0, 10, 10, 10, 10, 10, 0, 10, 0, 10, 10, 10, 10, 2, 10, 10, 10, 10, 0, 10, 10, 10, 10, 10, 0, 10, 0, 0, 10, 0, 10, 10, 0, 10, 10]",6.79,19.48%,17.0,29.31%
codet5-base_mbjp_codeproof__test(2025-09-23_23-07-57/20),20.90%,14.0,67.0,"[3, 6, 9, 11, 13, 18, 19, 23, 26, 29, 37, 40, 44, 63]",43.28%,290.0,670.0,"[0, 1, 2, 3, 4, 5, 6, 7, 8, 9, 10, 11, 12, 13, 14, 16, 20, 21, 22, 23, 24, 25, 26, 27, 28, 29, 30, 31, 32, 33, 35, 36, 37, 38, 39, 41, 42, 43, 44, 45, 47, 48, 49, 51, 52, 53, 54, 55, 56, 57, 60, 61, 62, 64, 65, 66]","[0.7, 0.1, 0.9, 0.3, 0.5, 1.0, 0.3, 0.9, 0.8, 0.4, 0.2, 0.1, 0.5, 0.2, 0.3, 0.0, 0.2, 0.0, 0.0, 0.0, 0.8, 0.7, 0.7, 0.5, 1.0, 0.7, 0.1, 0.4, 0.2, 0.3, 1.0, 0.7, 0.8, 0.2, 0.0, 0.4, 1.0, 0.1, 0.9, 0.2, 0.0, 0.9, 1.0, 1.0, 0.3, 0.7, 0.0, 0.7, 0.4, 0.1, 0.0, 0.2, 0.2, 0.2, 0.2, 0.6, 0.1, 1.0, 0.0, 0.0, 0.4, 1.0, 0.1, 0.0, 0.2, 0.9, 0.7]","[100, 100, 100, 2, 100, 100, 1, 100, 100, 3, 100, 1, 100, 3, 100, 100, 100, 100, 5, 1, 100, 100, 100, 4, 100, 100, 0, 100, 100, 3, 100, 100, 100, 100, 100, 100, 100, 8, 100, 100, 0, 100, 100, 100, 0, 100, 100, 100, 100, 100, 100, 100, 100, 100, 100, 100, 100, 100, 100, 100, 100, 100, 100, 0, 100, 100, 100]",79.57,6.27%,4.0,5.97%
codet5-base_mbjp_codeproof__test(2025-09-23_23-07-57/30),20.90%,14.0,67.0,"[6, 7, 11, 22, 23, 29, 37, 40, 43, 44, 46, 51, 52, 63]",35.97%,241.0,670.0,"[0, 2, 3, 4, 5, 6, 7, 8, 9, 10, 11, 12, 13, 15, 17, 18, 20, 21, 24, 25, 26, 27, 29, 30, 31, 32, 33, 35, 36, 38, 39, 41, 43, 44, 47, 51, 52, 53, 54, 55, 56, 57, 58, 59, 60, 61, 65, 66]","[0.4, 0.0, 1.0, 0.2, 1.0, 0.7, 0.1, 0.2, 0.3, 0.7, 0.4, 0.2, 0.1, 0.6, 0.0, 0.4, 0.0, 0.5, 0.2, 0.0, 1.0, 0.1, 0.0, 0.0, 1.0, 0.8, 0.5, 0.1, 0.0, 0.5, 0.9, 0.1, 0.1, 0.2, 0.0, 0.5, 1.0, 0.0, 0.1, 0.1, 0.0, 1.0, 0.0, 0.2, 0.7, 0.0, 0.0, 0.6, 0.0, 0.0, 0.0, 0.1, 0.2, 0.2, 0.9, 1.0, 0.4, 0.9, 0.8, 0.3, 0.2, 1.0, 0.0, 0.0, 0.0, 0.6, 1.0]","[100, 100, 100, 100, 100, 100, 0, 1, 100, 100, 100, 0, 100, 100, 100, 100, 100, 100, 100, 100, 100, 100, 4, 3, 100, 100, 100, 100, 100, 1, 100, 100, 100, 100, 100, 100, 100, 0, 100, 100, 0, 100, 100, 0, 0, 100, 2, 100, 100, 100, 100, 0, 4, 100, 100, 100, 100, 100, 100, 100, 100, 100, 100, 0, 100, 100, 100]",79.33,7.16%,8.0,11.94%
codet5-base_mbjp_codeproof__test(2025-09-23_23-07-57/40),26.87%,18.0,67.0,"[3, 6, 9, 11, 19, 23, 25, 26, 29, 35, 37, 40, 43, 44, 45, 46, 62, 63]",37.61%,252.0,670.0,"[0, 1, 2, 3, 4, 5, 6, 7, 8, 9, 10, 11, 13, 15, 17, 18, 19, 20, 21, 23, 24, 26, 27, 28, 30, 31, 32, 33, 34, 35, 36, 38, 41, 43, 44, 47, 48, 50, 51, 52, 53, 54, 55, 57, 58, 59, 60, 61, 64, 65, 66]","[0.2, 1.0, 0.9, 0.2, 0.5, 0.9, 0.2, 0.3, 1.0, 0.3, 0.6, 0.1, 0.0, 0.4, 0.0, 0.1, 0.0, 0.2, 0.3, 0.2, 0.8, 0.2, 0.0, 0.6, 1.0, 0.0, 0.2, 0.7, 0.2, 0.0, 1.0, 0.1, 0.6, 0.2, 0.1, 0.4, 0.7, 0.0, 1.0, 0.0, 0.0, 0.4, 0.0, 0.1, 0.2, 0.0, 0.0, 0.7, 0.8, 0.0, 1.0, 0.4, 0.2, 0.5, 0.4, 0.3, 0.0, 1.0, 1.0, 0.4, 0.8, 1.0, 0.0, 0.0, 0.1, 0.3, 0.4]","[100, 100, 100, 1, 100, 100, 0, 100, 100, 1, 100, 1, 100, 100, 100, 100, 100, 100, 100, 6, 100, 100, 100, 0, 100, 2, 0, 100, 100, 6, 100, 100, 100, 100, 100, 0, 100, 2, 100, 100, 0, 100, 100, 1, 0, 9, 1, 100, 100, 100, 100, 100, 100, 100, 100, 100, 100, 100, 100, 100, 100, 100, 0, 0, 100, 100, 100]",73.58,9.70%,8.0,11.94%
codet5-base_mbjp_proofcode__test(2025-09-24_20-35-59/10),22.39%,15.0,67.0,"[6, 10, 11, 15, 20, 22, 23, 26, 33, 40, 44, 46, 53, 62, 63]",28.21%,189.0,670.0,"[1, 2, 3, 5, 6, 9, 10, 11, 12, 13, 14, 15, 16, 17, 18, 19, 20, 21, 22, 23, 24, 25, 26, 28, 29, 30, 31, 32, 33, 36, 37, 38, 39, 41, 43, 44, 46, 47, 48, 49, 53, 55, 57, 59, 61, 62, 64, 65]","[0.0, 0.2, 0.1, 0.7, 0.0, 1.0, 0.1, 0.0, 0.0, 0.5, 0.2, 0.1, 0.2, 0.2, 0.2, 0.1, 0.2, 0.3, 0.2, 0.3, 0.4, 0.1, 0.2, 0.1, 1.0, 0.6, 0.4, 0.0, 0.4, 0.1, 1.0, 0.1, 0.6, 0.3, 0.0, 0.0, 1.0, 0.5, 0.2, 0.2, 0.0, 0.3, 0.0, 1.0, 0.6, 0.0, 0.4, 0.8, 0.1, 0.3, 0.0, 0.0, 0.0, 0.1, 0.0, 1.0, 0.0, 0.2, 0.0, 0.1, 0.0, 0.3, 0.1, 0.0, 0.9, 0.9, 0.0]","[10, 10, 10, 10, 10, 10, 1, 10, 10, 10, 3, 1, 10, 10, 10, 6, 10, 10, 10, 10, 3, 10, 3, 0, 10, 10, 3, 10, 10, 10, 10, 10, 10, 7, 10, 10, 10, 10, 10, 10, 0, 10, 10, 10, 0, 10, 3, 10, 10, 10, 10, 10, 10, 1, 10, 10, 10, 10, 10, 10, 10, 10, 0, 6, 10, 10, 10]",8.31,5.22%,4.0,5.97%
codet5-base_mbjp_proofcode__test(2025-09-24_20-35-59/15),22.39%,15.0,67.0,"[6, 15, 20, 23, 26, 29, 33, 35, 37, 40, 43, 44, 46, 53, 63]",31.49%,211.0,670.0,"[0, 1, 2, 3, 5, 10, 13, 16, 18, 19, 20, 21, 24, 25, 26, 27, 28, 30, 31, 32, 35, 36, 38, 39, 41, 43, 44, 47, 49, 52, 53, 54, 55, 59, 60, 61, 62, 64, 65]","[0.5, 0.1, 0.9, 0.9, 0.0, 1.0, 0.0, 0.0, 0.0, 0.0, 0.1, 0.0, 0.0, 0.1, 0.0, 0.0, 0.8, 0.0, 0.2, 0.4, 0.5, 0.6, 0.0, 0.0, 1.0, 0.6, 0.3, 0.4, 0.1, 0.0, 1.0, 0.8, 0.8, 0.0, 0.0, 0.4, 0.3, 0.0, 1.0, 0.2, 0.0, 0.1, 0.0, 0.8, 0.1, 0.0, 0.0, 0.7, 0.0, 0.2, 0.0, 0.0, 0.1, 0.1, 0.8, 0.6, 0.0, 0.0, 0.0, 0.4, 1.0, 0.8, 0.8, 0.0, 0.9, 0.7, 0.0]","[10, 10, 10, 10, 10, 10, 0, 10, 10, 10, 10, 10, 10, 10, 10, 2, 10, 10, 10, 10, 0, 10, 10, 0, 10, 10, 4, 10, 10, 8, 10, 10, 10, 3, 10, 2, 10, 4, 10, 10, 1, 10, 10, 4, 0, 10, 0, 10, 10, 10, 10, 10, 10, 2, 10, 10, 10, 10, 10, 10, 10, 10, 10, 0, 10, 10, 10]",8.21,8.96%,6.0,8.96%
codet5-base_mbjp_proofcode__test(2025-09-24_20-35-59/20),22.39%,15.0,67.0,"[3, 6, 15, 23, 26, 27, 29, 31, 35, 40, 43, 44, 46, 53, 63]",26.42%,177.0,670.0,"[2, 3, 5, 7, 8, 9, 11, 13, 16, 20, 21, 24, 25, 26, 28, 30, 32, 36, 38, 39, 41, 43, 46, 47, 49, 51, 52, 55, 56, 59, 60, 61, 64, 65, 66]","[0.0, 0.0, 1.0, 0.1, 0.0, 1.0, 0.0, 0.2, 0.2, 0.6, 0.0, 0.3, 0.0, 0.2, 0.0, 0.0, 0.4, 0.0, 0.0, 0.0, 0.9, 0.1, 0.0, 0.0, 1.0, 0.4, 0.4, 0.0, 0.7, 0.0, 1.0, 0.0, 0.3, 0.0, 0.0, 0.0, 0.8, 0.0, 0.9, 0.4, 0.0, 0.1, 0.0, 0.4, 0.0, 0.0, 0.6, 0.1, 0.0, 0.1, 0.0, 0.1, 0.1, 0.0, 0.0, 0.9, 0.5, 0.0, 0.0, 0.5, 1.0, 1.0, 0.0, 0.0, 0.2, 0.7, 0.5]","[10, 10, 10, 7, 10, 10, 0, 10, 10, 10, 10, 10, 10, 10, 10, 0, 10, 10, 10, 10, 10, 10, 10, 0, 10, 10, 0, 0, 10, 0, 10, 3, 10, 10, 10, 3, 10, 10, 10, 10, 0, 10, 10, 0, 0, 10, 0, 10, 10, 10, 10, 10, 10, 0, 10, 10, 10, 10, 10, 10, 10, 10, 10, 0, 10, 10, 10]",7.96,13.43%,12.0,17.91%
codet5-base_mbjp_proofcode__test(2025-09-24_20-35-59/25),22.39%,15.0,67.0,"[6, 7, 13, 19, 23, 26, 29, 35, 40, 43, 44, 46, 53, 62, 63]",30.75%,206.0,670.0,"[2, 4, 5, 8, 9, 10, 12, 13, 14, 15, 17, 18, 19, 21, 23, 24, 25, 26, 27, 30, 32, 35, 37, 38, 41, 43, 46, 48, 50, 51, 52, 53, 54, 55, 56, 57, 59, 60, 61, 62, 65]","[0.0, 0.0, 1.0, 0.0, 0.4, 0.8, 0.0, 0.0, 0.7, 0.9, 0.3, 0.0, 0.9, 0.4, 0.1, 0.2, 0.0, 0.2, 0.1, 0.7, 0.0, 0.6, 0.0, 0.2, 1.0, 0.3, 0.7, 0.1, 0.0, 0.0, 1.0, 0.0, 0.3, 0.0, 0.0, 0.6, 0.0, 1.0, 0.5, 0.0, 0.0, 0.2, 0.0, 0.6, 0.0, 0.0, 0.3, 0.0, 0.1, 0.0, 0.2, 0.2, 0.3, 0.1, 1.0, 0.7, 0.3, 0.3, 0.0, 1.0, 1.0, 0.3, 0.1, 0.0, 0.0, 0.9, 0.0]","[10, 10, 10, 10, 10, 10, 0, 9, 10, 10, 10, 10, 10, 8, 10, 10, 10, 10, 10, 9, 10, 10, 10, 1, 10, 10, 0, 10, 10, 4, 10, 10, 10, 10, 10, 1, 10, 10, 10, 10, 0, 10, 10, 1, 2, 10, 1, 10, 10, 10, 10, 10, 10, 4, 10, 10, 10, 10, 10, 10, 10, 10, 5, 0, 10, 10, 10]",8.43,8.06%,4.0,5.97%
codet5-base_mbjp_proofcode__test(2025-09-24_20-35-59/30),17.91%,12.0,67.0,"[3, 6, 8, 26, 27, 29, 35, 40, 44, 51, 60, 63]",26.42%,177.0,670.0,"[2, 3, 4, 5, 9, 12, 13, 15, 20, 21, 23, 24, 25, 26, 30, 31, 32, 36, 38, 39, 41, 44, 46, 48, 52, 55, 56, 61, 64, 65]","[0.0, 0.0, 0.8, 0.4, 0.2, 1.0, 0.0, 0.0, 0.0, 1.0, 0.0, 0.0, 0.1, 1.0, 0.0, 0.9, 0.0, 0.0, 0.0, 0.0, 0.9, 0.4, 0.0, 0.7, 1.0, 1.0, 0.2, 0.0, 0.0, 0.0, 1.0, 0.4, 0.6, 0.0, 0.0, 0.0, 0.6, 0.0, 1.0, 0.4, 0.0, 0.3, 0.0, 0.0, 0.2, 0.0, 0.3, 0.0, 0.4, 0.0, 0.0, 0.0, 0.1, 0.0, 0.0, 0.5, 1.0, 0.0, 0.0, 0.0, 0.0, 0.4, 0.0, 0.0, 0.2, 0.7, 0.0]","[10, 10, 10, 0, 10, 10, 0, 10, 3, 10, 10, 10, 10, 10, 10, 10, 10, 10, 10, 10, 10, 10, 10, 10, 10, 10, 1, 2, 10, 0, 10, 10, 10, 10, 10, 0, 10, 10, 10, 10, 0, 10, 10, 10, 0, 10, 10, 10, 10, 10, 10, 1, 10, 10, 10, 10, 10, 10, 10, 10, 1, 10, 10, 0, 10, 10, 10]",8.33,10.30%,7.0,10.45%
codet5-base_mbjp_proofcode__test(2025-09-24_20-35-59/35),19.40%,13.0,67.0,"[6, 15, 25, 27, 29, 35, 37, 40, 43, 46, 51, 62, 63]",26.27%,176.0,670.0,"[2, 3, 4, 5, 6, 7, 8, 9, 10, 11, 13, 14, 16, 17, 18, 22, 23, 24, 25, 26, 30, 32, 34, 35, 36, 38, 39, 44, 47, 49, 51, 52, 53, 55, 56, 57, 60, 64, 65]","[0.0, 0.0, 0.7, 0.1, 0.6, 0.2, 0.1, 0.1, 0.2, 0.4, 0.4, 0.1, 0.0, 0.4, 0.1, 0.0, 0.2, 1.0, 0.4, 0.0, 0.0, 0.0, 0.4, 0.9, 1.0, 0.9, 0.7, 0.0, 0.0, 0.0, 1.0, 0.0, 0.4, 0.0, 0.1, 0.3, 0.3, 0.0, 0.6, 0.3, 0.0, 0.0, 0.0, 0.0, 1.0, 0.0, 0.0, 0.2, 0.0, 0.1, 0.0, 0.1, 0.1, 0.6, 0.0, 0.5, 0.8, 1.0, 0.0, 0.0, 0.1, 0.0, 0.0, 0.0, 0.3, 0.9, 0.0]","[10, 10, 10, 10, 10, 10, 0, 10, 10, 10, 10, 10, 10, 10, 10, 0, 10, 10, 10, 10, 10, 10, 10, 10, 10, 1, 10, 0, 10, 0, 10, 10, 10, 10, 10, 0, 10, 0, 10, 10, 0, 10, 10, 0, 10, 10, 0, 10, 10, 10, 10, 6, 10, 10, 10, 10, 10, 10, 10, 10, 10, 10, 0, 0, 10, 10, 10]",8.16,14.78%,11.0,16.42%
t5gemma2-2b_sufu__test(2026-06-30_11-24-20/best),44.83%,26.0,58.0,"[0, 1, 4, 5, 7, 8, 9, 12, 13, 16, 20, 22, 23, 27, 29, 31, 35, 36, 37, 41, 44, 47, 49, 50, 52, 55]",68.45%,397.0,580.0,"[0, 1, 2, 3, 4, 5, 6, 7, 8, 9, 10, 11, 13, 14, 15, 16, 17, 18, 19, 20, 21, 22, 23, 24, 25, 26, 27, 28, 29, 30, 31, 32, 33, 34, 35, 36, 37, 38, 39, 40, 41, 42, 43, 44, 45, 46, 47, 48, 49, 50, 51, 52, 53, 54, 55, 56, 57]","[0.4, 0.6, 1.0, 1.0, 0.7, 0.6, 1.0, 0.1, 0.8, 0.5, 1.0, 1.0, 0.0, 0.6, 1.0, 1.0, 0.5, 0.4, 1.0, 0.4, 0.9, 1.0, 0.7, 0.6, 1.0, 1.0, 1.0, 0.7, 1.0, 0.6, 1.0, 0.5, 0.1, 1.0, 1.0, 0.8, 0.7, 0.4, 0.1, 1.0, 0.3, 0.5, 0.4, 1.0, 0.6, 0.9, 1.0, 0.2, 0.2, 0.4, 0.7, 1.0, 0.7, 0.4, 1.0, 0.3, 1.0, 0.4]","[0, 0, 10, 10, 0, 0, 10, 0, 3, 1, 10, 10, 0, 0, 10, 10, 0, 10, 10, 10, 1, 10, 0, 0, 10, 10, 10, 0, 10, 0, 10, 0, 10, 10, 10, 3, 0, 2, 10, 10, 10, 0, 10, 10, 0, 10, 10, 0, 10, 0, 0, 10, 0, 10, 10, 0, 10, 10]",5.69,12.59%,21.0,36.21%
t5gemma2-2b_mbjp__test(2026-06-30_11-24-20/best),28.36%,19.0,67.0,"[4, 6, 7, 10, 13, 20, 23, 26, 27, 28, 29, 33, 37, 40, 43, 44, 51, 53, 58]",22.39%,150.0,670.0,"[0, 1, 2, 3, 5, 8, 9, 10, 11, 14, 16, 17, 18, 19, 22, 24, 25, 26, 28, 30, 31, 32, 34, 35, 36, 37, 38, 40, 41, 42, 43, 44, 47, 48, 49, 50, 51, 52, 55, 56, 58, 60, 61, 62, 63, 64, 65]","[0.5, 0.2, 0.2, 0.3, 0.0, 0.6, 0.0, 0.0, 1.0, 0.3, 0.2, 0.2, 0.0, 0.0, 0.2, 0.0, 0.8, 0.1, 0.2, 0.1, 0.0, 0.0, 0.6, 0.0, 1.0, 0.3, 0.1, 0.0, 0.1, 0.0, 0.1, 0.1, 0.6, 0.0, 0.1, 0.4, 0.5, 0.1, 0.6, 0.0, 0.1, 0.3, 0.2, 0.2, 0.1, 0.0, 0.0, 0.1, 0.6, 0.2, 0.1, 0.1, 0.3, 0.0, 0.0, 0.4, 0.1, 0.0, 0.3, 0.0, 0.1, 0.4, 0.1, 1.0, 0.4, 0.4, 0.0]","[10, 10, 10, 10, 1, 10, 0, 0, 10, 10, 9, 10, 10, 6, 10, 10, 10, 10, 10, 10, 7, 10, 10, 1, 10, 10, 0, 0, 0, 0, 10, 10, 10, 6, 10, 10, 10, 2, 10, 10, 0, 10, 10, 0, 0, 10, 10, 10, 10, 10, 10, 6, 10, 1, 10, 10, 10, 10, 0, 10, 10, 10, 10, 10, 10, 10, 10]",7.75,10.90%,10.0,14.93%
